#
# There is insufficient memory for the Java Runtime Environment to continue.
# Native memory allocation (malloc) failed to allocate 736816 bytes. Error detail: Chunk::new
# Possible reasons:
#   The system is out of physical RAM or swap space
#   This process is running with CompressedOops enabled, and the Java Heap may be blocking the growth of the native heap
# Possible solutions:
#   Reduce memory load on the system
#   Increase physical memory or swap space
#   Check if swap backing store is full
#   Decrease Java heap size (-Xmx/-Xms)
#   Decrease number of Java threads
#   Decrease Java thread stack sizes (-Xss)
#   Set larger code cache with -XX:ReservedCodeCacheSize=
#   JVM is running with Unscaled Compressed Oops mode in which the Java heap is
#     placed in the first 4GB address space. The Java Heap base address is the
#     maximum limit for the native heap growth. Please use -XX:HeapBaseMinAddress
#     to set the Java Heap base and to place the Java Heap above 4GB virtual address.
# This output file may be truncated or incomplete.
#
#  Out of Memory Error (arena.cpp:168), pid=15464, tid=28948
#
# JRE version: OpenJDK Runtime Environment Microsoft-11933218 (21.0.8+9) (build 21.0.8+9-LTS)
# Java VM: OpenJDK 64-Bit Server VM Microsoft-11933218 (21.0.8+9-LTS, mixed mode, sharing, tiered, compressed oops, compressed class ptrs, g1 gc, windows-amd64)
# No core dump will be written. Minidumps are not enabled by default on client versions of Windows
#

---------------  S U M M A R Y ------------

Command Line: --add-opens=java.base/java.lang=ALL-UNNAMED --add-opens=java.base/java.lang.invoke=ALL-UNNAMED --add-opens=java.base/java.util=ALL-UNNAMED --add-opens=java.prefs/java.util.prefs=ALL-UNNAMED --add-exports=jdk.compiler/com.sun.tools.javac.api=ALL-UNNAMED --add-exports=jdk.compiler/com.sun.tools.javac.util=ALL-UNNAMED --add-opens=java.base/java.util=ALL-UNNAMED --add-opens=java.prefs/java.util.prefs=ALL-UNNAMED --add-opens=java.base/java.nio.charset=ALL-UNNAMED --add-opens=java.base/java.net=ALL-UNNAMED --add-opens=java.base/java.util.concurrent.atomic=ALL-UNNAMED --add-opens=java.xml/javax.xml.namespace=ALL-UNNAMED -XX:MaxMetaspaceSize=384m -XX:+HeapDumpOnOutOfMemoryError -Xms256m -Xmx512m -Dfile.encoding=UTF-8 -Duser.country=KR -Duser.language=ko -Duser.variant -javaagent:C:\Users\USER\.gradle\wrapper\dists\gradle-8.14.3-bin\cv11ve7ro1n3o1j4so8xd9n66\gradle-8.14.3\lib\agents\gradle-instrumentation-agent-8.14.3.jar org.gradle.launcher.daemon.bootstrap.GradleDaemon 8.14.3

Host: 11th Gen Intel(R) Core(TM) i5-1135G7 @ 2.40GHz, 8 cores, 15G,  Windows 11 , 64 bit Build 26100 (10.0.26100.6725)
Time: Thu Nov 20 14:44:08 2025 elapsed time: 23.750738 seconds (0d 0h 0m 23s)

---------------  T H R E A D  ---------------

Current thread (0x000001d1dd899a20):  JavaThread "C2 CompilerThread1" daemon [_thread_in_native, id=28948, stack(0x00000080aa500000,0x00000080aa600000) (1024K)]


Current CompileTask:
C2:23750 10391       4       org.gradle.api.internal.artifacts.ModuleComponentSelectorSerializer::read (50 bytes)

Stack: [0x00000080aa500000,0x00000080aa600000]
Native frames: (J=compiled Java code, j=interpreted, Vv=VM code, C=native code)
V  [jvm.dll+0x6e1729]
V  [jvm.dll+0x8bf47b]
V  [jvm.dll+0x8c19aa]
V  [jvm.dll+0x8c2083]
V  [jvm.dll+0x289fd6]
V  [jvm.dll+0xc903d]
V  [jvm.dll+0xc958c]
V  [jvm.dll+0x3c76e2]
V  [jvm.dll+0x393f22]
V  [jvm.dll+0x39337a]
V  [jvm.dll+0x251c60]
V  [jvm.dll+0x251283]
V  [jvm.dll+0x1d18bf]
V  [jvm.dll+0x260f4a]
V  [jvm.dll+0x25f2b5]
V  [jvm.dll+0x40151d]
V  [jvm.dll+0x86975d]
V  [jvm.dll+0x6dff2d]
C  [ucrtbase.dll+0x37b0]
C  [KERNEL32.DLL+0x2e8d7]
C  [ntdll.dll+0x8c53c]


---------------  P R O C E S S  ---------------

Threads class SMR info:
_java_thread_list=0x000001d1f8b32ef0, length=140, elements={
0x000001d1c06954d0, 0x000001d1dd84e950, 0x000001d1dd84f4a0, 0x000001d1dd854e60,
0x000001d1dd858470, 0x000001d1dd859cb0, 0x000001d1dd864730, 0x000001d1dd895380,
0x000001d1dd8985b0, 0x000001d1dd97f5a0, 0x000001d1dd97db60, 0x000001d1dd97d4d0,
0x000001d1dd9802c0, 0x000001d1dd97ce40, 0x000001d1dd97e1f0, 0x000001d1dd97e880,
0x000001d1dd97ef10, 0x000001d1f7c612b0, 0x000001d1f7c60590, 0x000001d1f7c61fd0,
0x000001d1f7c62660, 0x000001d1f7c640a0, 0x000001d1f7c61940, 0x000001d1f7c62cf0,
0x000001d1f7c63380, 0x000001d1f7c60c20, 0x000001d1f7c64730, 0x000001d1f7c64dc0,
0x000001d1f7c65450, 0x000001d1f7c65ae0, 0x000001d1f7c66800, 0x000001d1f7c66e90,
0x000001d1f7c66170, 0x000001d1f7c63a10, 0x000001d1f7c67520, 0x000001d1f7c67bb0,
0x000001d1fac021e0, 0x000001d1fac02f00, 0x000001d1fac03590, 0x000001d1fac014c0,
0x000001d1fac03c20, 0x000001d1fac01b50, 0x000001d1fac007a0, 0x000001d1fac042b0,
0x000001d1fac00e30, 0x000001d1fac05660, 0x000001d1fac05cf0, 0x000001d1fac04fd0,
0x000001d1fac06380, 0x000001d1fac06a10, 0x000001d1fac070a0, 0x000001d1fac07730,
0x000001d1fac04940, 0x000001d1fcbfc9d0, 0x000001d1fcbfdd80, 0x000001d1fcbfd6f0,
0x000001d1fcbfd060, 0x000001d1fcbfe410, 0x000001d1fcbfeaa0, 0x000001d1fcbff130,
0x000001d1fcbff7c0, 0x000001d1fcbfc340, 0x000001d1fcc032d0, 0x000001d1fcc00b70,
0x000001d1fcc01200, 0x000001d1fcc03960, 0x000001d1fcc01890, 0x000001d1fcc01f20,
0x000001d1fcc025b0, 0x000001d1fcc02c40, 0x000001d1fc080370, 0x000001d1fc081720,
0x000001d1fc082ad0, 0x000001d1fc081090, 0x000001d1fc080a00, 0x000001d1fc07fce0,
0x000001d1fc081db0, 0x000001d1fc082440, 0x000001d1fc07f650, 0x000001d1fc083e80,
0x000001d1fc085f50, 0x000001d1fc085230, 0x000001d1fc083160, 0x000001d1fc084510,
0x000001d1fc0837f0, 0x000001d1fc0865e0, 0x000001d1fc084ba0, 0x000001d1fc086c70,
0x000001d1fc0858c0, 0x000001d1dd97fc30, 0x000001d1f90554c0, 0x000001d1f9054110,
0x000001d1f90533f0, 0x000001d1f9055b50, 0x000001d1f90561e0, 0x000001d1f9054e30,
0x000001d1f9053a80, 0x000001d1f9052d60, 0x000001d1f90547a0, 0x000001d1f9059660,
0x000001d1f9058940, 0x000001d1f90582b0, 0x000001d1f9057590, 0x000001d1f9059cf0,
0x000001d1f9056870, 0x000001d1f905a380, 0x000001d1f9056f00, 0x000001d1f9057c20,
0x000001d1fb1ebd90, 0x000001d1fb1ed7d0, 0x000001d1fb1eb700, 0x000001d1fb1ede60,
0x000001d1fb1eb070, 0x000001d1dd899a20, 0x000001d1fb1ecab0, 0x000001d1fb1ec420,
0x000001d1fb1ee4f0, 0x000001d1fb1ef8a0, 0x000001d1fb1f05c0, 0x000001d1fb1ed140,
0x000001d1fb1f0c50, 0x000001d1fb1f1970, 0x000001d1fb1eff30, 0x000001d1fb1eeb80,
0x000001d1fb1f12e0, 0x000001d1fb1ef210, 0x000001d1fb1f2000, 0x000001d1fb1f2690,
0x000001d1f8434770, 0x000001d1f8433a50, 0x000001d1f8434e00, 0x000001d1f8435490,
0x000001d1f8432010, 0x000001d1f84333c0, 0x000001d1f8435b20, 0x000001d1f84340e0,
0x000001d1f84326a0, 0x000001d1f84361b0, 0x000001d1f8432d30, 0x000001d1f8436840
}

Java Threads: ( => current thread )
  0x000001d1c06954d0 JavaThread "main"                              [_thread_blocked, id=35908, stack(0x00000080a2500000,0x00000080a2600000) (1024K)]
  0x000001d1dd84e950 JavaThread "Reference Handler"          daemon [_thread_blocked, id=37876, stack(0x00000080a2d00000,0x00000080a2e00000) (1024K)]
  0x000001d1dd84f4a0 JavaThread "Finalizer"                  daemon [_thread_blocked, id=21616, stack(0x00000080a2e00000,0x00000080a2f00000) (1024K)]
  0x000001d1dd854e60 JavaThread "Signal Dispatcher"          daemon [_thread_blocked, id=20312, stack(0x00000080a2f00000,0x00000080a3000000) (1024K)]
  0x000001d1dd858470 JavaThread "Attach Listener"            daemon [_thread_blocked, id=19788, stack(0x00000080a3000000,0x00000080a3100000) (1024K)]
  0x000001d1dd859cb0 JavaThread "Service Thread"             daemon [_thread_blocked, id=12104, stack(0x00000080a3100000,0x00000080a3200000) (1024K)]
  0x000001d1dd864730 JavaThread "Monitor Deflation Thread"   daemon [_thread_blocked, id=3368, stack(0x00000080a3200000,0x00000080a3300000) (1024K)]
  0x000001d1dd895380 JavaThread "C2 CompilerThread0"         daemon [_thread_blocked, id=34208, stack(0x00000080a3300000,0x00000080a3400000) (1024K)]
  0x000001d1dd8985b0 JavaThread "C1 CompilerThread0"         daemon [_thread_blocked, id=18232, stack(0x00000080a3400000,0x00000080a3500000) (1024K)]
  0x000001d1dd97f5a0 JavaThread "Common-Cleaner"             daemon [_thread_blocked, id=364, stack(0x00000080a3500000,0x00000080a3600000) (1024K)]
  0x000001d1dd97db60 JavaThread "Notification Thread"        daemon [_thread_blocked, id=8200, stack(0x00000080a3600000,0x00000080a3700000) (1024K)]
  0x000001d1dd97d4d0 JavaThread "Daemon health stats"               [_thread_blocked, id=6520, stack(0x00000080a3f00000,0x00000080a4000000) (1024K)]
  0x000001d1dd9802c0 JavaThread "Incoming local TCP Connector on port 11370"        [_thread_in_native, id=28972, stack(0x00000080a4000000,0x00000080a4100000) (1024K)]
  0x000001d1dd97ce40 JavaThread "Daemon periodic checks"            [_thread_blocked, id=13852, stack(0x00000080a4100000,0x00000080a4200000) (1024K)]
  0x000001d1dd97e1f0 JavaThread "Daemon"                            [_thread_blocked, id=30484, stack(0x00000080a4200000,0x00000080a4300000) (1024K)]
  0x000001d1dd97e880 JavaThread "Handler for socket connection from /127.0.0.1:11370 to /127.0.0.1:11371"        [_thread_in_native, id=13044, stack(0x00000080a4300000,0x00000080a4400000) (1024K)]
  0x000001d1dd97ef10 JavaThread "Cancel handler"                    [_thread_blocked, id=31932, stack(0x00000080a4400000,0x00000080a4500000) (1024K)]
  0x000001d1f7c612b0 JavaThread "Daemon worker"                     [_thread_in_native, id=36012, stack(0x00000080a4500000,0x00000080a4600000) (1024K)]
  0x000001d1f7c60590 JavaThread "Asynchronous log dispatcher for DefaultDaemonConnection: socket connection from /127.0.0.1:11370 to /127.0.0.1:11371"        [_thread_blocked, id=14648, stack(0x00000080a4600000,0x00000080a4700000) (1024K)]
  0x000001d1f7c61fd0 JavaThread "Stdin handler"                     [_thread_blocked, id=17760, stack(0x00000080a4700000,0x00000080a4800000) (1024K)]
  0x000001d1f7c62660 JavaThread "Daemon client event forwarder"        [_thread_blocked, id=36788, stack(0x00000080a4800000,0x00000080a4900000) (1024K)]
  0x000001d1f7c640a0 JavaThread "Cache worker for journal cache (C:\Users\USER\.gradle\caches\journal-1)"        [_thread_blocked, id=24512, stack(0x00000080a4900000,0x00000080a4a00000) (1024K)]
  0x000001d1f7c61940 JavaThread "File lock request listener"        [_thread_in_native, id=20472, stack(0x00000080a4a00000,0x00000080a4b00000) (1024K)]
  0x000001d1f7c62cf0 JavaThread "Cache worker for file hash cache (C:\Users\USER\.gradle\caches\8.14.3\fileHashes)"        [_thread_blocked, id=20644, stack(0x00000080a4b00000,0x00000080a4c00000) (1024K)]
  0x000001d1f7c63380 JavaThread "File lock release action executor"        [_thread_blocked, id=24768, stack(0x00000080a4c00000,0x00000080a4d00000) (1024K)]
  0x000001d1f7c60c20 JavaThread "Cache worker for file hash cache (C:\sesac\todoapp\.gradle\8.14.3\fileHashes)"        [_thread_blocked, id=34560, stack(0x00000080a4f00000,0x00000080a5000000) (1024K)]
  0x000001d1f7c64730 JavaThread "Cache worker for Build Output Cleanup Cache (C:\sesac\todoapp\.gradle\buildOutputCleanup)"        [_thread_blocked, id=20188, stack(0x00000080a5000000,0x00000080a5100000) (1024K)]
  0x000001d1f7c64dc0 JavaThread "File watcher server"        daemon [_thread_in_native, id=31164, stack(0x00000080a5100000,0x00000080a5200000) (1024K)]
  0x000001d1f7c65450 JavaThread "File watcher consumer"      daemon [_thread_blocked, id=36876, stack(0x00000080a5200000,0x00000080a5300000) (1024K)]
  0x000001d1f7c65ae0 JavaThread "jar transforms"                    [_thread_blocked, id=20364, stack(0x00000080a5300000,0x00000080a5400000) (1024K)]
  0x000001d1f7c66800 JavaThread "jar transforms Thread 2"           [_thread_blocked, id=13748, stack(0x00000080a5400000,0x00000080a5500000) (1024K)]
  0x000001d1f7c66e90 JavaThread "jar transforms Thread 3"           [_thread_blocked, id=23604, stack(0x00000080a5500000,0x00000080a5600000) (1024K)]
  0x000001d1f7c66170 JavaThread "jar transforms Thread 4"           [_thread_blocked, id=12596, stack(0x00000080a5600000,0x00000080a5700000) (1024K)]
  0x000001d1f7c63a10 JavaThread "jar transforms Thread 5"           [_thread_blocked, id=34508, stack(0x00000080a5700000,0x00000080a5800000) (1024K)]
  0x000001d1f7c67520 JavaThread "jar transforms Thread 6"           [_thread_blocked, id=1448, stack(0x00000080a5800000,0x00000080a5900000) (1024K)]
  0x000001d1f7c67bb0 JavaThread "jar transforms Thread 7"           [_thread_blocked, id=33460, stack(0x00000080a5900000,0x00000080a5a00000) (1024K)]
  0x000001d1fac021e0 JavaThread "jar transforms Thread 8"           [_thread_blocked, id=5096, stack(0x00000080a5a00000,0x00000080a5b00000) (1024K)]
  0x000001d1fac02f00 JavaThread "Cache worker for checksums cache (C:\sesac\todoapp\.gradle\8.14.3\checksums)"        [_thread_blocked, id=37212, stack(0x00000080a5b00000,0x00000080a5c00000) (1024K)]
  0x000001d1fac03590 JavaThread "Cache worker for file content cache (C:\Users\USER\.gradle\caches\8.14.3\fileContent)"        [_thread_blocked, id=25212, stack(0x00000080a5c00000,0x00000080a5d00000) (1024K)]
  0x000001d1fac014c0 JavaThread "Cache worker for cache directory md-supplier (C:\Users\USER\.gradle\caches\8.14.3\md-supplier)"        [_thread_blocked, id=25520, stack(0x00000080a5d00000,0x00000080a5e00000) (1024K)]
  0x000001d1fac03c20 JavaThread "Cache worker for cache directory md-rule (C:\Users\USER\.gradle\caches\8.14.3\md-rule)"        [_thread_blocked, id=19732, stack(0x00000080a5e00000,0x00000080a5f00000) (1024K)]
  0x000001d1fac01b50 JavaThread "Unconstrained build operations"        [_thread_blocked, id=29544, stack(0x00000080a5f00000,0x00000080a6000000) (1024K)]
  0x000001d1fac007a0 JavaThread "Unconstrained build operations Thread 2"        [_thread_blocked, id=28648, stack(0x00000080a6000000,0x00000080a6100000) (1024K)]
  0x000001d1fac042b0 JavaThread "Unconstrained build operations Thread 3"        [_thread_blocked, id=7752, stack(0x00000080a6100000,0x00000080a6200000) (1024K)]
  0x000001d1fac00e30 JavaThread "Unconstrained build operations Thread 4"        [_thread_blocked, id=28804, stack(0x00000080a6200000,0x00000080a6300000) (1024K)]
  0x000001d1fac05660 JavaThread "Unconstrained build operations Thread 5"        [_thread_blocked, id=20284, stack(0x00000080a6300000,0x00000080a6400000) (1024K)]
  0x000001d1fac05cf0 JavaThread "Unconstrained build operations Thread 6"        [_thread_blocked, id=29336, stack(0x00000080a3700000,0x00000080a3800000) (1024K)]
  0x000001d1fac04fd0 JavaThread "Unconstrained build operations Thread 7"        [_thread_blocked, id=33092, stack(0x00000080a4e00000,0x00000080a4f00000) (1024K)]
  0x000001d1fac06380 JavaThread "Unconstrained build operations Thread 8"        [_thread_blocked, id=29104, stack(0x00000080a6400000,0x00000080a6500000) (1024K)]
  0x000001d1fac06a10 JavaThread "Unconstrained build operations Thread 9"        [_thread_blocked, id=19464, stack(0x00000080a6500000,0x00000080a6600000) (1024K)]
  0x000001d1fac070a0 JavaThread "Unconstrained build operations Thread 10"        [_thread_blocked, id=27264, stack(0x00000080a6600000,0x00000080a6700000) (1024K)]
  0x000001d1fac07730 JavaThread "Unconstrained build operations Thread 11"        [_thread_blocked, id=37032, stack(0x00000080a6800000,0x00000080a6900000) (1024K)]
  0x000001d1fac04940 JavaThread "Unconstrained build operations Thread 12"        [_thread_blocked, id=1692, stack(0x00000080a6900000,0x00000080a6a00000) (1024K)]
  0x000001d1fcbfc9d0 JavaThread "Unconstrained build operations Thread 13"        [_thread_blocked, id=32956, stack(0x00000080a6a00000,0x00000080a6b00000) (1024K)]
  0x000001d1fcbfdd80 JavaThread "Unconstrained build operations Thread 14"        [_thread_blocked, id=17404, stack(0x00000080a6b00000,0x00000080a6c00000) (1024K)]
  0x000001d1fcbfd6f0 JavaThread "Unconstrained build operations Thread 15"        [_thread_blocked, id=9120, stack(0x00000080a6c00000,0x00000080a6d00000) (1024K)]
  0x000001d1fcbfd060 JavaThread "Unconstrained build operations Thread 16"        [_thread_blocked, id=27188, stack(0x00000080a6d00000,0x00000080a6e00000) (1024K)]
  0x000001d1fcbfe410 JavaThread "Unconstrained build operations Thread 17"        [_thread_blocked, id=20204, stack(0x00000080a6e00000,0x00000080a6f00000) (1024K)]
  0x000001d1fcbfeaa0 JavaThread "Unconstrained build operations Thread 18"        [_thread_blocked, id=8984, stack(0x00000080a6f00000,0x00000080a7000000) (1024K)]
  0x000001d1fcbff130 JavaThread "Unconstrained build operations Thread 19"        [_thread_blocked, id=16008, stack(0x00000080a7000000,0x00000080a7100000) (1024K)]
  0x000001d1fcbff7c0 JavaThread "Unconstrained build operations Thread 20"        [_thread_blocked, id=18800, stack(0x00000080a7100000,0x00000080a7200000) (1024K)]
  0x000001d1fcbfc340 JavaThread "Unconstrained build operations Thread 21"        [_thread_blocked, id=26788, stack(0x00000080a7200000,0x00000080a7300000) (1024K)]
  0x000001d1fcc032d0 JavaThread "Unconstrained build operations Thread 22"        [_thread_blocked, id=29764, stack(0x00000080a7300000,0x00000080a7400000) (1024K)]
  0x000001d1fcc00b70 JavaThread "Unconstrained build operations Thread 23"        [_thread_blocked, id=3768, stack(0x00000080a7400000,0x00000080a7500000) (1024K)]
  0x000001d1fcc01200 JavaThread "Unconstrained build operations Thread 24"        [_thread_blocked, id=30516, stack(0x00000080a6700000,0x00000080a6800000) (1024K)]
  0x000001d1fcc03960 JavaThread "Unconstrained build operations Thread 25"        [_thread_blocked, id=5460, stack(0x00000080a7500000,0x00000080a7600000) (1024K)]
  0x000001d1fcc01890 JavaThread "Unconstrained build operations Thread 26"        [_thread_blocked, id=15212, stack(0x00000080a7600000,0x00000080a7700000) (1024K)]
  0x000001d1fcc01f20 JavaThread "Unconstrained build operations Thread 27"        [_thread_blocked, id=12416, stack(0x00000080a7700000,0x00000080a7800000) (1024K)]
  0x000001d1fcc025b0 JavaThread "Unconstrained build operations Thread 28"        [_thread_blocked, id=22272, stack(0x00000080a7800000,0x00000080a7900000) (1024K)]
  0x000001d1fcc02c40 JavaThread "Unconstrained build operations Thread 29"        [_thread_blocked, id=24264, stack(0x00000080a7900000,0x00000080a7a00000) (1024K)]
  0x000001d1fc080370 JavaThread "Unconstrained build operations Thread 30"        [_thread_blocked, id=9284, stack(0x00000080a7a00000,0x00000080a7b00000) (1024K)]
  0x000001d1fc081720 JavaThread "Unconstrained build operations Thread 31"        [_thread_blocked, id=35092, stack(0x00000080a7c00000,0x00000080a7d00000) (1024K)]
  0x000001d1fc082ad0 JavaThread "Unconstrained build operations Thread 32"        [_thread_blocked, id=20616, stack(0x00000080a7d00000,0x00000080a7e00000) (1024K)]
  0x000001d1fc081090 JavaThread "Unconstrained build operations Thread 33"        [_thread_blocked, id=8808, stack(0x00000080a7e00000,0x00000080a7f00000) (1024K)]
  0x000001d1fc080a00 JavaThread "Unconstrained build operations Thread 34"        [_thread_blocked, id=25284, stack(0x00000080a7f00000,0x00000080a8000000) (1024K)]
  0x000001d1fc07fce0 JavaThread "Unconstrained build operations Thread 35"        [_thread_blocked, id=27064, stack(0x00000080a8000000,0x00000080a8100000) (1024K)]
  0x000001d1fc081db0 JavaThread "Unconstrained build operations Thread 36"        [_thread_blocked, id=33584, stack(0x00000080a8100000,0x00000080a8200000) (1024K)]
  0x000001d1fc082440 JavaThread "Unconstrained build operations Thread 37"        [_thread_blocked, id=34660, stack(0x00000080a8200000,0x00000080a8300000) (1024K)]
  0x000001d1fc07f650 JavaThread "Unconstrained build operations Thread 38"        [_thread_blocked, id=26180, stack(0x00000080a8300000,0x00000080a8400000) (1024K)]
  0x000001d1fc083e80 JavaThread "Unconstrained build operations Thread 39"        [_thread_blocked, id=27288, stack(0x00000080a8400000,0x00000080a8500000) (1024K)]
  0x000001d1fc085f50 JavaThread "Unconstrained build operations Thread 40"        [_thread_blocked, id=6528, stack(0x00000080a8500000,0x00000080a8600000) (1024K)]
  0x000001d1fc085230 JavaThread "Unconstrained build operations Thread 41"        [_thread_blocked, id=37416, stack(0x00000080a8600000,0x00000080a8700000) (1024K)]
  0x000001d1fc083160 JavaThread "Unconstrained build operations Thread 42"        [_thread_blocked, id=23400, stack(0x00000080a8700000,0x00000080a8800000) (1024K)]
  0x000001d1fc084510 JavaThread "Unconstrained build operations Thread 43"        [_thread_blocked, id=27408, stack(0x00000080a8800000,0x00000080a8900000) (1024K)]
  0x000001d1fc0837f0 JavaThread "Unconstrained build operations Thread 44"        [_thread_blocked, id=4472, stack(0x00000080a8900000,0x00000080a8a00000) (1024K)]
  0x000001d1fc0865e0 JavaThread "Memory manager"                    [_thread_blocked, id=19108, stack(0x00000080a8b00000,0x00000080a8c00000) (1024K)]
  0x000001d1fc084ba0 JavaThread "included builds"                   [_thread_blocked, id=6692, stack(0x00000080a8c00000,0x00000080a8d00000) (1024K)]
  0x000001d1fc086c70 JavaThread "Execution worker"                  [_thread_blocked, id=23916, stack(0x00000080a8d00000,0x00000080a8e00000) (1024K)]
  0x000001d1fc0858c0 JavaThread "Execution worker Thread 2"         [_thread_blocked, id=28956, stack(0x00000080a8e00000,0x00000080a8f00000) (1024K)]
  0x000001d1dd97fc30 JavaThread "Execution worker Thread 3"         [_thread_blocked, id=33128, stack(0x00000080a8f00000,0x00000080a9000000) (1024K)]
  0x000001d1f90554c0 JavaThread "Execution worker Thread 4"         [_thread_blocked, id=32608, stack(0x00000080a9000000,0x00000080a9100000) (1024K)]
  0x000001d1f9054110 JavaThread "Execution worker Thread 5"         [_thread_blocked, id=11656, stack(0x00000080a9100000,0x00000080a9200000) (1024K)]
  0x000001d1f90533f0 JavaThread "Execution worker Thread 6"         [_thread_blocked, id=16644, stack(0x00000080a9200000,0x00000080a9300000) (1024K)]
  0x000001d1f9055b50 JavaThread "Execution worker Thread 7"         [_thread_blocked, id=29540, stack(0x00000080a9300000,0x00000080a9400000) (1024K)]
  0x000001d1f90561e0 JavaThread "Cache worker for execution history cache (C:\sesac\todoapp\.gradle\8.14.3\executionHistory)"        [_thread_blocked, id=34064, stack(0x00000080a9400000,0x00000080a9500000) (1024K)]
  0x000001d1f9054e30 JavaThread "idea-tooling-model-converter"        [_thread_blocked, id=23748, stack(0x00000080a9500000,0x00000080a9600000) (1024K)]
  0x000001d1f9053a80 JavaThread "ForkJoinPool.commonPool-worker-1" daemon [_thread_blocked, id=13372, stack(0x00000080a9600000,0x00000080a9700000) (1024K)]
  0x000001d1f9052d60 JavaThread "ForkJoinPool.commonPool-worker-2" daemon [_thread_blocked, id=13564, stack(0x00000080a9700000,0x00000080a9800000) (1024K)]
  0x000001d1f90547a0 JavaThread "ForkJoinPool.commonPool-worker-3" daemon [_thread_blocked, id=22688, stack(0x00000080a9800000,0x00000080a9900000) (1024K)]
  0x000001d1f9059660 JavaThread "ForkJoinPool.commonPool-worker-4" daemon [_thread_blocked, id=33960, stack(0x00000080a9900000,0x00000080a9a00000) (1024K)]
  0x000001d1f9058940 JavaThread "ForkJoinPool.commonPool-worker-5" daemon [_thread_blocked, id=8312, stack(0x00000080a9a00000,0x00000080a9b00000) (1024K)]
  0x000001d1f90582b0 JavaThread "ForkJoinPool.commonPool-worker-6" daemon [_thread_blocked, id=37492, stack(0x00000080a9b00000,0x00000080a9c00000) (1024K)]
  0x000001d1f9057590 JavaThread "ForkJoinPool.commonPool-worker-7" daemon [_thread_blocked, id=37720, stack(0x00000080a9c00000,0x00000080a9d00000) (1024K)]
  0x000001d1f9059cf0 JavaThread "Unconstrained build operations Thread 45"        [_thread_blocked, id=16052, stack(0x00000080a7b00000,0x00000080a7c00000) (1024K)]
  0x000001d1f9056870 JavaThread "Unconstrained build operations Thread 46"        [_thread_blocked, id=31504, stack(0x00000080a8a00000,0x00000080a8b00000) (1024K)]
  0x000001d1f905a380 JavaThread "Unconstrained build operations Thread 47"        [_thread_blocked, id=13272, stack(0x00000080a9d00000,0x00000080a9e00000) (1024K)]
  0x000001d1f9056f00 JavaThread "Unconstrained build operations Thread 48"        [_thread_blocked, id=8112, stack(0x00000080a9e00000,0x00000080a9f00000) (1024K)]
  0x000001d1f9057c20 JavaThread "Unconstrained build operations Thread 49"        [_thread_blocked, id=18688, stack(0x00000080a9f00000,0x00000080aa000000) (1024K)]
  0x000001d1fb1ebd90 JavaThread "Unconstrained build operations Thread 50"        [_thread_blocked, id=23044, stack(0x00000080aa000000,0x00000080aa100000) (1024K)]
  0x000001d1fb1ed7d0 JavaThread "Unconstrained build operations Thread 51"        [_thread_blocked, id=27416, stack(0x00000080aa100000,0x00000080aa200000) (1024K)]
  0x000001d1fb1eb700 JavaThread "Unconstrained build operations Thread 52"        [_thread_blocked, id=34292, stack(0x00000080aa200000,0x00000080aa300000) (1024K)]
  0x000001d1fb1ede60 JavaThread "Unconstrained build operations Thread 53"        [_thread_blocked, id=36524, stack(0x00000080aa300000,0x00000080aa400000) (1024K)]
  0x000001d1fb1eb070 JavaThread "Unconstrained build operations Thread 54"        [_thread_blocked, id=23548, stack(0x00000080aa400000,0x00000080aa500000) (1024K)]
=>0x000001d1dd899a20 JavaThread "C2 CompilerThread1"         daemon [_thread_in_native, id=28948, stack(0x00000080aa500000,0x00000080aa600000) (1024K)]
  0x000001d1fb1ecab0 JavaThread "Unconstrained build operations Thread 55"        [_thread_blocked, id=37040, stack(0x00000080aa600000,0x00000080aa700000) (1024K)]
  0x000001d1fb1ec420 JavaThread "Unconstrained build operations Thread 56"        [_thread_blocked, id=29668, stack(0x00000080aa700000,0x00000080aa800000) (1024K)]
  0x000001d1fb1ee4f0 JavaThread "Unconstrained build operations Thread 57"        [_thread_blocked, id=33588, stack(0x00000080aa800000,0x00000080aa900000) (1024K)]
  0x000001d1fb1ef8a0 JavaThread "Unconstrained build operations Thread 58"        [_thread_blocked, id=34160, stack(0x00000080aa900000,0x00000080aaa00000) (1024K)]
  0x000001d1fb1f05c0 JavaThread "Unconstrained build operations Thread 59"        [_thread_blocked, id=4116, stack(0x00000080aaa00000,0x00000080aab00000) (1024K)]
  0x000001d1fb1ed140 JavaThread "Unconstrained build operations Thread 60"        [_thread_blocked, id=36440, stack(0x00000080aab00000,0x00000080aac00000) (1024K)]
  0x000001d1fb1f0c50 JavaThread "Unconstrained build operations Thread 61"        [_thread_blocked, id=19812, stack(0x00000080aac00000,0x00000080aad00000) (1024K)]
  0x000001d1fb1f1970 JavaThread "Unconstrained build operations Thread 62"        [_thread_blocked, id=7172, stack(0x00000080aad00000,0x00000080aae00000) (1024K)]
  0x000001d1fb1eff30 JavaThread "Unconstrained build operations Thread 63"        [_thread_blocked, id=35528, stack(0x00000080aae00000,0x00000080aaf00000) (1024K)]
  0x000001d1fb1eeb80 JavaThread "Unconstrained build operations Thread 64"        [_thread_blocked, id=29452, stack(0x00000080aaf00000,0x00000080ab000000) (1024K)]
  0x000001d1fb1f12e0 JavaThread "Unconstrained build operations Thread 65"        [_thread_blocked, id=32484, stack(0x00000080ab000000,0x00000080ab100000) (1024K)]
  0x000001d1fb1ef210 JavaThread "Unconstrained build operations Thread 66"        [_thread_blocked, id=2872, stack(0x00000080ab100000,0x00000080ab200000) (1024K)]
  0x000001d1fb1f2000 JavaThread "Unconstrained build operations Thread 67"        [_thread_blocked, id=36260, stack(0x00000080ab200000,0x00000080ab300000) (1024K)]
  0x000001d1fb1f2690 JavaThread "Unconstrained build operations Thread 68"        [_thread_blocked, id=8988, stack(0x00000080ab300000,0x00000080ab400000) (1024K)]
  0x000001d1f8434770 JavaThread "Unconstrained build operations Thread 69"        [_thread_blocked, id=10760, stack(0x00000080ab400000,0x00000080ab500000) (1024K)]
  0x000001d1f8433a50 JavaThread "Unconstrained build operations Thread 70"        [_thread_blocked, id=21468, stack(0x00000080ab500000,0x00000080ab600000) (1024K)]
  0x000001d1f8434e00 JavaThread "Unconstrained build operations Thread 71"        [_thread_blocked, id=34376, stack(0x00000080ab600000,0x00000080ab700000) (1024K)]
  0x000001d1f8435490 JavaThread "Unconstrained build operations Thread 72"        [_thread_blocked, id=31952, stack(0x00000080ab700000,0x00000080ab800000) (1024K)]
  0x000001d1f8432010 JavaThread "Unconstrained build operations Thread 73"        [_thread_blocked, id=35544, stack(0x00000080ab800000,0x00000080ab900000) (1024K)]
  0x000001d1f84333c0 JavaThread "Unconstrained build operations Thread 74"        [_thread_blocked, id=32828, stack(0x00000080ab900000,0x00000080aba00000) (1024K)]
  0x000001d1f8435b20 JavaThread "Unconstrained build operations Thread 75"        [_thread_blocked, id=24332, stack(0x00000080aba00000,0x00000080abb00000) (1024K)]
  0x000001d1f84340e0 JavaThread "Unconstrained build operations Thread 76"        [_thread_blocked, id=33636, stack(0x00000080abb00000,0x00000080abc00000) (1024K)]
  0x000001d1f84326a0 JavaThread "Unconstrained build operations Thread 77"        [_thread_blocked, id=15916, stack(0x00000080abc00000,0x00000080abd00000) (1024K)]
  0x000001d1f84361b0 JavaThread "Unconstrained build operations Thread 78"        [_thread_blocked, id=32160, stack(0x00000080abd00000,0x00000080abe00000) (1024K)]
  0x000001d1f8432d30 JavaThread "Unconstrained build operations Thread 79"        [_thread_blocked, id=8104, stack(0x00000080abe00000,0x00000080abf00000) (1024K)]
  0x000001d1f8436840 JavaThread "Unconstrained build operations Thread 80"        [_thread_blocked, id=28668, stack(0x00000080abf00000,0x00000080ac000000) (1024K)]
Total: 140

Other Threads:
  0x000001d1dd8333b0 VMThread "VM Thread"                           [id=23944, stack(0x00000080a2c00000,0x00000080a2d00000) (1024K)]
  0x000001d1dd8252b0 WatcherThread "VM Periodic Task Thread"        [id=1260, stack(0x00000080a2b00000,0x00000080a2c00000) (1024K)]
  0x000001d1c2985ed0 WorkerThread "GC Thread#0"                     [id=35780, stack(0x00000080a2600000,0x00000080a2700000) (1024K)]
  0x000001d1f7006790 WorkerThread "GC Thread#1"                     [id=34180, stack(0x00000080a3900000,0x00000080a3a00000) (1024K)]
  0x000001d1f7018cd0 WorkerThread "GC Thread#2"                     [id=27396, stack(0x00000080a3a00000,0x00000080a3b00000) (1024K)]
  0x000001d1f7019070 WorkerThread "GC Thread#3"                     [id=28828, stack(0x00000080a3b00000,0x00000080a3c00000) (1024K)]
  0x000001d1f7019810 WorkerThread "GC Thread#4"                     [id=29792, stack(0x00000080a3c00000,0x00000080a3d00000) (1024K)]
  0x000001d1f712d0e0 WorkerThread "GC Thread#5"                     [id=18156, stack(0x00000080a3d00000,0x00000080a3e00000) (1024K)]
  0x000001d1f712ea40 WorkerThread "GC Thread#6"                     [id=21076, stack(0x00000080a3800000,0x00000080a3900000) (1024K)]
  0x000001d1f712d480 WorkerThread "GC Thread#7"                     [id=23132, stack(0x00000080a3e00000,0x00000080a3f00000) (1024K)]
  0x000001d1c298adc0 ConcurrentGCThread "G1 Main Marker"            [id=36540, stack(0x00000080a2700000,0x00000080a2800000) (1024K)]
  0x000001d1c298c650 WorkerThread "G1 Conc#0"                       [id=7564, stack(0x00000080a2800000,0x00000080a2900000) (1024K)]
  0x000001d1f8d0ff90 WorkerThread "G1 Conc#1"                       [id=11596, stack(0x00000080a4d00000,0x00000080a4e00000) (1024K)]
  0x000001d1dd6f7ec0 ConcurrentGCThread "G1 Refine#0"               [id=28188, stack(0x00000080a2900000,0x00000080a2a00000) (1024K)]
  0x000001d1dd6f86e0 ConcurrentGCThread "G1 Service"                [id=9128, stack(0x00000080a2a00000,0x00000080a2b00000) (1024K)]
Total: 15

Threads with active compile tasks:
C2 CompilerThread1  23774 10391       4       org.gradle.api.internal.artifacts.ModuleComponentSelectorSerializer::read (50 bytes)
Total: 1

VM state: not at safepoint (normal execution)

VM Mutex/Monitor currently owned by a thread: None

Heap address: 0x00000000e0000000, size: 512 MB, Compressed Oops mode: 32-bit

CDS archive(s) mapped at: [0x000001d1de000000-0x000001d1dec80000-0x000001d1dec80000), size 13107200, SharedBaseAddress: 0x000001d1de000000, ArchiveRelocationMode: 1.
Compressed class space mapped at: 0x000001d1df000000-0x000001d1f3000000, reserved size: 335544320
Narrow klass base: 0x000001d1de000000, Narrow klass shift: 0, Narrow klass range: 0x100000000

GC Precious Log:
 CardTable entry size: 512
 Card Set container configuration: InlinePtr #cards 5 size 8 Array Of Cards #cards 12 size 40 Howl #buckets 4 coarsen threshold 1843 Howl Bitmap #cards 512 size 80 coarsen threshold 460 Card regions per heap region 1 cards per card region 2048
 CPUs: 8 total, 8 available
 Memory: 16023M
 Large Page Support: Disabled
 NUMA Support: Disabled
 Compressed Oops: Enabled (32-bit)
 Heap Region Size: 1M
 Heap Min Capacity: 256M
 Heap Initial Capacity: 256M
 Heap Max Capacity: 512M
 Pre-touch: Disabled
 Parallel Workers: 8
 Concurrent Workers: 2
 Concurrent Refinement Workers: 8
 Periodic GC: Disabled

Heap:
 garbage-first heap   total 262144K, used 206254K [0x00000000e0000000, 0x0000000100000000)
  region size 1024K, 119 young (121856K), 17 survivors (17408K)
 Metaspace       used 76048K, committed 78400K, reserved 458752K
  class space    used 11032K, committed 12160K, reserved 327680K

Heap Regions: E=young(eden), S=young(survivor), O=old, HS=humongous(starts), HC=humongous(continues), CS=collection set, F=free, TAMS=top-at-mark-start, PB=parsable bottom
|   0|0x00000000e0000000, 0x00000000e0100000, 0x00000000e0100000|100%|HS|  |TAMS 0x00000000e0000000| PB 0x00000000e0000000| Complete 
|   1|0x00000000e0100000, 0x00000000e0200000, 0x00000000e0200000|100%|HC|  |TAMS 0x00000000e0100000| PB 0x00000000e0100000| Complete 
|   2|0x00000000e0200000, 0x00000000e0300000, 0x00000000e0300000|100%|HC|  |TAMS 0x00000000e0200000| PB 0x00000000e0200000| Complete 
|   3|0x00000000e0300000, 0x00000000e0400000, 0x00000000e0400000|100%| O|  |TAMS 0x00000000e0300000| PB 0x00000000e0300000| Untracked 
|   4|0x00000000e0400000, 0x00000000e0500000, 0x00000000e0500000|100%| O|  |TAMS 0x00000000e0400000| PB 0x00000000e0400000| Untracked 
|   5|0x00000000e0500000, 0x00000000e0600000, 0x00000000e0600000|100%| O|  |TAMS 0x00000000e0500000| PB 0x00000000e0500000| Untracked 
|   6|0x00000000e0600000, 0x00000000e0700000, 0x00000000e0700000|100%| O|  |TAMS 0x00000000e0600000| PB 0x00000000e0600000| Untracked 
|   7|0x00000000e0700000, 0x00000000e0800000, 0x00000000e0800000|100%|HS|  |TAMS 0x00000000e0700000| PB 0x00000000e0700000| Complete 
|   8|0x00000000e0800000, 0x00000000e0900000, 0x00000000e0900000|100%|HS|  |TAMS 0x00000000e0800000| PB 0x00000000e0800000| Complete 
|   9|0x00000000e0900000, 0x00000000e0a00000, 0x00000000e0a00000|100%| O|  |TAMS 0x00000000e0900000| PB 0x00000000e0900000| Untracked 
|  10|0x00000000e0a00000, 0x00000000e0b00000, 0x00000000e0b00000|100%| O|  |TAMS 0x00000000e0a00000| PB 0x00000000e0a00000| Untracked 
|  11|0x00000000e0b00000, 0x00000000e0c00000, 0x00000000e0c00000|100%| O|  |TAMS 0x00000000e0b00000| PB 0x00000000e0b00000| Untracked 
|  12|0x00000000e0c00000, 0x00000000e0d00000, 0x00000000e0d00000|100%| O|  |TAMS 0x00000000e0c00000| PB 0x00000000e0c00000| Untracked 
|  13|0x00000000e0d00000, 0x00000000e0e00000, 0x00000000e0e00000|100%|HS|  |TAMS 0x00000000e0d00000| PB 0x00000000e0d00000| Complete 
|  14|0x00000000e0e00000, 0x00000000e0f00000, 0x00000000e0f00000|100%|HC|  |TAMS 0x00000000e0e00000| PB 0x00000000e0e00000| Complete 
|  15|0x00000000e0f00000, 0x00000000e1000000, 0x00000000e1000000|100%|HC|  |TAMS 0x00000000e0f00000| PB 0x00000000e0f00000| Complete 
|  16|0x00000000e1000000, 0x00000000e1100000, 0x00000000e1100000|100%|HC|  |TAMS 0x00000000e1000000| PB 0x00000000e1000000| Complete 
|  17|0x00000000e1100000, 0x00000000e1200000, 0x00000000e1200000|100%|HC|  |TAMS 0x00000000e1100000| PB 0x00000000e1100000| Complete 
|  18|0x00000000e1200000, 0x00000000e1300000, 0x00000000e1300000|100%|HC|  |TAMS 0x00000000e1200000| PB 0x00000000e1200000| Complete 
|  19|0x00000000e1300000, 0x00000000e1400000, 0x00000000e1400000|100%|HS|  |TAMS 0x00000000e1300000| PB 0x00000000e1300000| Complete 
|  20|0x00000000e1400000, 0x00000000e1500000, 0x00000000e1500000|100%|HC|  |TAMS 0x00000000e1400000| PB 0x00000000e1400000| Complete 
|  21|0x00000000e1500000, 0x00000000e1600000, 0x00000000e1600000|100%|HS|  |TAMS 0x00000000e1500000| PB 0x00000000e1500000| Complete 
|  22|0x00000000e1600000, 0x00000000e1700000, 0x00000000e1700000|100%|HS|  |TAMS 0x00000000e1600000| PB 0x00000000e1600000| Complete 
|  23|0x00000000e1700000, 0x00000000e1800000, 0x00000000e1800000|100%|HC|  |TAMS 0x00000000e1700000| PB 0x00000000e1700000| Complete 
|  24|0x00000000e1800000, 0x00000000e1900000, 0x00000000e1900000|100%|HC|  |TAMS 0x00000000e1800000| PB 0x00000000e1800000| Complete 
|  25|0x00000000e1900000, 0x00000000e1a00000, 0x00000000e1a00000|100%|HS|  |TAMS 0x00000000e1900000| PB 0x00000000e1900000| Complete 
|  26|0x00000000e1a00000, 0x00000000e1b00000, 0x00000000e1b00000|100%|HC|  |TAMS 0x00000000e1a00000| PB 0x00000000e1a00000| Complete 
|  27|0x00000000e1b00000, 0x00000000e1c00000, 0x00000000e1c00000|100%|HC|  |TAMS 0x00000000e1b00000| PB 0x00000000e1b00000| Complete 
|  28|0x00000000e1c00000, 0x00000000e1d00000, 0x00000000e1d00000|100%|HC|  |TAMS 0x00000000e1c00000| PB 0x00000000e1c00000| Complete 
|  29|0x00000000e1d00000, 0x00000000e1e00000, 0x00000000e1e00000|100%|HC|  |TAMS 0x00000000e1d00000| PB 0x00000000e1d00000| Complete 
|  30|0x00000000e1e00000, 0x00000000e1f00000, 0x00000000e1f00000|100%|HC|  |TAMS 0x00000000e1e00000| PB 0x00000000e1e00000| Complete 
|  31|0x00000000e1f00000, 0x00000000e2000000, 0x00000000e2000000|100%|HS|  |TAMS 0x00000000e1f00000| PB 0x00000000e1f00000| Complete 
|  32|0x00000000e2000000, 0x00000000e2100000, 0x00000000e2100000|100%|HS|  |TAMS 0x00000000e2000000| PB 0x00000000e2000000| Complete 
|  33|0x00000000e2100000, 0x00000000e2200000, 0x00000000e2200000|100%|HC|  |TAMS 0x00000000e2100000| PB 0x00000000e2100000| Complete 
|  34|0x00000000e2200000, 0x00000000e2300000, 0x00000000e2300000|100%|HS|  |TAMS 0x00000000e2200000| PB 0x00000000e2200000| Complete 
|  35|0x00000000e2300000, 0x00000000e2400000, 0x00000000e2400000|100%|HS|  |TAMS 0x00000000e2300000| PB 0x00000000e2300000| Complete 
|  36|0x00000000e2400000, 0x00000000e2500000, 0x00000000e2500000|100%|HC|  |TAMS 0x00000000e2400000| PB 0x00000000e2400000| Complete 
|  37|0x00000000e2500000, 0x00000000e2600000, 0x00000000e2600000|100%|HC|  |TAMS 0x00000000e2500000| PB 0x00000000e2500000| Complete 
|  38|0x00000000e2600000, 0x00000000e2700000, 0x00000000e2700000|100%| O|  |TAMS 0x00000000e2600000| PB 0x00000000e2600000| Untracked 
|  39|0x00000000e2700000, 0x00000000e2800000, 0x00000000e2800000|100%| O|  |TAMS 0x00000000e2700000| PB 0x00000000e2700000| Untracked 
|  40|0x00000000e2800000, 0x00000000e2900000, 0x00000000e2900000|100%| O|  |TAMS 0x00000000e2800000| PB 0x00000000e2800000| Untracked 
|  41|0x00000000e2900000, 0x00000000e2a00000, 0x00000000e2a00000|100%| O|  |TAMS 0x00000000e2900000| PB 0x00000000e2900000| Untracked 
|  42|0x00000000e2a00000, 0x00000000e2b00000, 0x00000000e2b00000|100%| O|  |TAMS 0x00000000e2a00000| PB 0x00000000e2a00000| Untracked 
|  43|0x00000000e2b00000, 0x00000000e2c00000, 0x00000000e2c00000|100%| O|  |TAMS 0x00000000e2b00000| PB 0x00000000e2b00000| Untracked 
|  44|0x00000000e2c00000, 0x00000000e2d00000, 0x00000000e2d00000|100%|HS|  |TAMS 0x00000000e2c00000| PB 0x00000000e2c00000| Complete 
|  45|0x00000000e2d00000, 0x00000000e2e00000, 0x00000000e2e00000|100%|HC|  |TAMS 0x00000000e2d00000| PB 0x00000000e2d00000| Complete 
|  46|0x00000000e2e00000, 0x00000000e2f00000, 0x00000000e2f00000|100%| O|  |TAMS 0x00000000e2e00000| PB 0x00000000e2e00000| Untracked 
|  47|0x00000000e2f00000, 0x00000000e3000000, 0x00000000e3000000|100%| O|  |TAMS 0x00000000e2f00000| PB 0x00000000e2f00000| Untracked 
|  48|0x00000000e3000000, 0x00000000e3100000, 0x00000000e3100000|100%| O|  |TAMS 0x00000000e3000000| PB 0x00000000e3000000| Untracked 
|  49|0x00000000e3100000, 0x00000000e3200000, 0x00000000e3200000|100%|HS|  |TAMS 0x00000000e3100000| PB 0x00000000e3100000| Complete 
|  50|0x00000000e3200000, 0x00000000e3300000, 0x00000000e3300000|100%|HC|  |TAMS 0x00000000e3200000| PB 0x00000000e3200000| Complete 
|  51|0x00000000e3300000, 0x00000000e3400000, 0x00000000e3400000|100%|HS|  |TAMS 0x00000000e3300000| PB 0x00000000e3300000| Complete 
|  52|0x00000000e3400000, 0x00000000e3500000, 0x00000000e3500000|100%|HC|  |TAMS 0x00000000e3400000| PB 0x00000000e3400000| Complete 
|  53|0x00000000e3500000, 0x00000000e3600000, 0x00000000e3600000|100%|HC|  |TAMS 0x00000000e3500000| PB 0x00000000e3500000| Complete 
|  54|0x00000000e3600000, 0x00000000e3700000, 0x00000000e3700000|100%|HC|  |TAMS 0x00000000e3600000| PB 0x00000000e3600000| Complete 
|  55|0x00000000e3700000, 0x00000000e3800000, 0x00000000e3800000|100%|HC|  |TAMS 0x00000000e3700000| PB 0x00000000e3700000| Complete 
|  56|0x00000000e3800000, 0x00000000e3900000, 0x00000000e3900000|100%|HC|  |TAMS 0x00000000e3800000| PB 0x00000000e3800000| Complete 
|  57|0x00000000e3900000, 0x00000000e3a00000, 0x00000000e3a00000|100%|HS|  |TAMS 0x00000000e3900000| PB 0x00000000e3900000| Complete 
|  58|0x00000000e3a00000, 0x00000000e3b00000, 0x00000000e3b00000|100%|HS|  |TAMS 0x00000000e3a00000| PB 0x00000000e3a00000| Complete 
|  59|0x00000000e3b00000, 0x00000000e3c00000, 0x00000000e3c00000|100%|HC|  |TAMS 0x00000000e3b00000| PB 0x00000000e3b00000| Complete 
|  60|0x00000000e3c00000, 0x00000000e3d00000, 0x00000000e3d00000|100%|HC|  |TAMS 0x00000000e3c00000| PB 0x00000000e3c00000| Complete 
|  61|0x00000000e3d00000, 0x00000000e3e00000, 0x00000000e3e00000|100%|HC|  |TAMS 0x00000000e3d00000| PB 0x00000000e3d00000| Complete 
|  62|0x00000000e3e00000, 0x00000000e3f00000, 0x00000000e3f00000|100%|HC|  |TAMS 0x00000000e3e00000| PB 0x00000000e3e00000| Complete 
|  63|0x00000000e3f00000, 0x00000000e4000000, 0x00000000e4000000|100%|HC|  |TAMS 0x00000000e3f00000| PB 0x00000000e3f00000| Complete 
|  64|0x00000000e4000000, 0x00000000e4100000, 0x00000000e4100000|100%|HS|  |TAMS 0x00000000e4000000| PB 0x00000000e4000000| Complete 
|  65|0x00000000e4100000, 0x00000000e4200000, 0x00000000e4200000|100%| O|  |TAMS 0x00000000e4100000| PB 0x00000000e4100000| Untracked 
|  66|0x00000000e4200000, 0x00000000e4300000, 0x00000000e4300000|100%| O|  |TAMS 0x00000000e4200000| PB 0x00000000e4200000| Untracked 
|  67|0x00000000e4300000, 0x00000000e4400000, 0x00000000e4400000|100%| O|  |TAMS 0x00000000e4300000| PB 0x00000000e4300000| Untracked 
|  68|0x00000000e4400000, 0x00000000e4500000, 0x00000000e4500000|100%| O|Cm|TAMS 0x00000000e4400000| PB 0x00000000e4400000| Complete 
|  69|0x00000000e4500000, 0x00000000e4600000, 0x00000000e4600000|100%| O|  |TAMS 0x00000000e4500000| PB 0x00000000e4500000| Untracked 
|  70|0x00000000e4600000, 0x00000000e4700000, 0x00000000e4700000|100%| O|  |TAMS 0x00000000e4600000| PB 0x00000000e4600000| Untracked 
|  71|0x00000000e4700000, 0x00000000e4800000, 0x00000000e4800000|100%| O|  |TAMS 0x00000000e4700000| PB 0x00000000e4700000| Untracked 
|  72|0x00000000e4800000, 0x00000000e4900000, 0x00000000e4900000|100%| O|  |TAMS 0x00000000e4800000| PB 0x00000000e4800000| Untracked 
|  73|0x00000000e4900000, 0x00000000e4a00000, 0x00000000e4a00000|100%| O|  |TAMS 0x00000000e4900000| PB 0x00000000e4900000| Untracked 
|  74|0x00000000e4a00000, 0x00000000e4b00000, 0x00000000e4b00000|100%| O|  |TAMS 0x00000000e4a00000| PB 0x00000000e4a00000| Untracked 
|  75|0x00000000e4b00000, 0x00000000e4c00000, 0x00000000e4c00000|100%| O|  |TAMS 0x00000000e4b00000| PB 0x00000000e4b00000| Untracked 
|  76|0x00000000e4c00000, 0x00000000e4d00000, 0x00000000e4d00000|100%| O|  |TAMS 0x00000000e4c00000| PB 0x00000000e4c00000| Untracked 
|  77|0x00000000e4d00000, 0x00000000e4e00000, 0x00000000e4e00000|100%| O|  |TAMS 0x00000000e4d00000| PB 0x00000000e4d00000| Untracked 
|  78|0x00000000e4e00000, 0x00000000e4f00000, 0x00000000e4f00000|100%| O|  |TAMS 0x00000000e4e00000| PB 0x00000000e4e00000| Untracked 
|  79|0x00000000e4f00000, 0x00000000e5000000, 0x00000000e5000000|100%| O|  |TAMS 0x00000000e4f00000| PB 0x00000000e4f00000| Untracked 
|  80|0x00000000e5000000, 0x00000000e5100000, 0x00000000e5100000|100%| O|  |TAMS 0x00000000e5000000| PB 0x00000000e5000000| Untracked 
|  81|0x00000000e5100000, 0x00000000e5200000, 0x00000000e5200000|100%| O|  |TAMS 0x00000000e5100000| PB 0x00000000e5100000| Untracked 
|  82|0x00000000e5200000, 0x00000000e5300000, 0x00000000e5300000|100%| O|  |TAMS 0x00000000e5200000| PB 0x00000000e5200000| Untracked 
|  83|0x00000000e5300000, 0x00000000e5300000, 0x00000000e5400000|  0%| F|  |TAMS 0x00000000e5300000| PB 0x00000000e5300000| Untracked 
|  84|0x00000000e5400000, 0x00000000e5400000, 0x00000000e5500000|  0%| F|  |TAMS 0x00000000e5400000| PB 0x00000000e5400000| Untracked 
|  85|0x00000000e5500000, 0x00000000e5500000, 0x00000000e5600000|  0%| F|  |TAMS 0x00000000e5500000| PB 0x00000000e5500000| Untracked 
|  86|0x00000000e5600000, 0x00000000e5600000, 0x00000000e5700000|  0%| F|  |TAMS 0x00000000e5600000| PB 0x00000000e5600000| Untracked 
|  87|0x00000000e5700000, 0x00000000e5700000, 0x00000000e5800000|  0%| F|  |TAMS 0x00000000e5700000| PB 0x00000000e5700000| Untracked 
|  88|0x00000000e5800000, 0x00000000e5800000, 0x00000000e5900000|  0%| F|  |TAMS 0x00000000e5800000| PB 0x00000000e5800000| Untracked 
|  89|0x00000000e5900000, 0x00000000e5900000, 0x00000000e5a00000|  0%| F|  |TAMS 0x00000000e5900000| PB 0x00000000e5900000| Untracked 
|  90|0x00000000e5a00000, 0x00000000e5a00000, 0x00000000e5b00000|  0%| F|  |TAMS 0x00000000e5a00000| PB 0x00000000e5a00000| Untracked 
|  91|0x00000000e5b00000, 0x00000000e5b00000, 0x00000000e5c00000|  0%| F|  |TAMS 0x00000000e5b00000| PB 0x00000000e5b00000| Untracked 
|  92|0x00000000e5c00000, 0x00000000e5c00000, 0x00000000e5d00000|  0%| F|  |TAMS 0x00000000e5c00000| PB 0x00000000e5c00000| Untracked 
|  93|0x00000000e5d00000, 0x00000000e5d00000, 0x00000000e5e00000|  0%| F|  |TAMS 0x00000000e5d00000| PB 0x00000000e5d00000| Untracked 
|  94|0x00000000e5e00000, 0x00000000e5e00000, 0x00000000e5f00000|  0%| F|  |TAMS 0x00000000e5e00000| PB 0x00000000e5e00000| Untracked 
|  95|0x00000000e5f00000, 0x00000000e5f00000, 0x00000000e6000000|  0%| F|  |TAMS 0x00000000e5f00000| PB 0x00000000e5f00000| Untracked 
|  96|0x00000000e6000000, 0x00000000e6000000, 0x00000000e6100000|  0%| F|  |TAMS 0x00000000e6000000| PB 0x00000000e6000000| Untracked 
|  97|0x00000000e6100000, 0x00000000e6100000, 0x00000000e6200000|  0%| F|  |TAMS 0x00000000e6100000| PB 0x00000000e6100000| Untracked 
|  98|0x00000000e6200000, 0x00000000e626b9d0, 0x00000000e6300000| 42%| S|CS|TAMS 0x00000000e6200000| PB 0x00000000e6200000| Complete 
|  99|0x00000000e6300000, 0x00000000e6400000, 0x00000000e6400000|100%| S|CS|TAMS 0x00000000e6300000| PB 0x00000000e6300000| Complete 
| 100|0x00000000e6400000, 0x00000000e6500000, 0x00000000e6500000|100%| S|CS|TAMS 0x00000000e6400000| PB 0x00000000e6400000| Complete 
| 101|0x00000000e6500000, 0x00000000e6600000, 0x00000000e6600000|100%| S|CS|TAMS 0x00000000e6500000| PB 0x00000000e6500000| Complete 
| 102|0x00000000e6600000, 0x00000000e6700000, 0x00000000e6700000|100%| S|CS|TAMS 0x00000000e6600000| PB 0x00000000e6600000| Complete 
| 103|0x00000000e6700000, 0x00000000e6800000, 0x00000000e6800000|100%| O|  |TAMS 0x00000000e6700000| PB 0x00000000e6700000| Untracked 
| 104|0x00000000e6800000, 0x00000000e6900000, 0x00000000e6900000|100%| O|  |TAMS 0x00000000e6800000| PB 0x00000000e6800000| Untracked 
| 105|0x00000000e6900000, 0x00000000e6a00000, 0x00000000e6a00000|100%| S|CS|TAMS 0x00000000e6900000| PB 0x00000000e6900000| Complete 
| 106|0x00000000e6a00000, 0x00000000e6b00000, 0x00000000e6b00000|100%| S|CS|TAMS 0x00000000e6a00000| PB 0x00000000e6a00000| Complete 
| 107|0x00000000e6b00000, 0x00000000e6c00000, 0x00000000e6c00000|100%| S|CS|TAMS 0x00000000e6b00000| PB 0x00000000e6b00000| Complete 
| 108|0x00000000e6c00000, 0x00000000e6d00000, 0x00000000e6d00000|100%| S|CS|TAMS 0x00000000e6c00000| PB 0x00000000e6c00000| Complete 
| 109|0x00000000e6d00000, 0x00000000e6e00000, 0x00000000e6e00000|100%| S|CS|TAMS 0x00000000e6d00000| PB 0x00000000e6d00000| Complete 
| 110|0x00000000e6e00000, 0x00000000e6f00000, 0x00000000e6f00000|100%| S|CS|TAMS 0x00000000e6e00000| PB 0x00000000e6e00000| Complete 
| 111|0x00000000e6f00000, 0x00000000e7000000, 0x00000000e7000000|100%| S|CS|TAMS 0x00000000e6f00000| PB 0x00000000e6f00000| Complete 
| 112|0x00000000e7000000, 0x00000000e7100000, 0x00000000e7100000|100%| S|CS|TAMS 0x00000000e7000000| PB 0x00000000e7000000| Complete 
| 113|0x00000000e7100000, 0x00000000e7200000, 0x00000000e7200000|100%| S|CS|TAMS 0x00000000e7100000| PB 0x00000000e7100000| Complete 
| 114|0x00000000e7200000, 0x00000000e7300000, 0x00000000e7300000|100%| S|CS|TAMS 0x00000000e7200000| PB 0x00000000e7200000| Complete 
| 115|0x00000000e7300000, 0x00000000e7400000, 0x00000000e7400000|100%| S|CS|TAMS 0x00000000e7300000| PB 0x00000000e7300000| Complete 
| 116|0x00000000e7400000, 0x00000000e7500000, 0x00000000e7500000|100%| S|CS|TAMS 0x00000000e7400000| PB 0x00000000e7400000| Complete 
| 117|0x00000000e7500000, 0x00000000e7500000, 0x00000000e7600000|  0%| F|  |TAMS 0x00000000e7500000| PB 0x00000000e7500000| Untracked 
| 118|0x00000000e7600000, 0x00000000e7600000, 0x00000000e7700000|  0%| F|  |TAMS 0x00000000e7600000| PB 0x00000000e7600000| Untracked 
| 119|0x00000000e7700000, 0x00000000e7700000, 0x00000000e7800000|  0%| F|  |TAMS 0x00000000e7700000| PB 0x00000000e7700000| Untracked 
| 120|0x00000000e7800000, 0x00000000e7800000, 0x00000000e7900000|  0%| F|  |TAMS 0x00000000e7800000| PB 0x00000000e7800000| Untracked 
| 121|0x00000000e7900000, 0x00000000e7900000, 0x00000000e7a00000|  0%| F|  |TAMS 0x00000000e7900000| PB 0x00000000e7900000| Untracked 
| 122|0x00000000e7a00000, 0x00000000e7a00000, 0x00000000e7b00000|  0%| F|  |TAMS 0x00000000e7a00000| PB 0x00000000e7a00000| Untracked 
| 123|0x00000000e7b00000, 0x00000000e7b00000, 0x00000000e7c00000|  0%| F|  |TAMS 0x00000000e7b00000| PB 0x00000000e7b00000| Untracked 
| 124|0x00000000e7c00000, 0x00000000e7c00000, 0x00000000e7d00000|  0%| F|  |TAMS 0x00000000e7c00000| PB 0x00000000e7c00000| Untracked 
| 125|0x00000000e7d00000, 0x00000000e7d00000, 0x00000000e7e00000|  0%| F|  |TAMS 0x00000000e7d00000| PB 0x00000000e7d00000| Untracked 
| 126|0x00000000e7e00000, 0x00000000e7e00000, 0x00000000e7f00000|  0%| F|  |TAMS 0x00000000e7e00000| PB 0x00000000e7e00000| Untracked 
| 127|0x00000000e7f00000, 0x00000000e7f00000, 0x00000000e8000000|  0%| F|  |TAMS 0x00000000e7f00000| PB 0x00000000e7f00000| Untracked 
| 128|0x00000000e8000000, 0x00000000e8000000, 0x00000000e8100000|  0%| F|  |TAMS 0x00000000e8000000| PB 0x00000000e8000000| Untracked 
| 129|0x00000000e8100000, 0x00000000e8100000, 0x00000000e8200000|  0%| F|  |TAMS 0x00000000e8100000| PB 0x00000000e8100000| Untracked 
| 130|0x00000000e8200000, 0x00000000e8200000, 0x00000000e8300000|  0%| F|  |TAMS 0x00000000e8200000| PB 0x00000000e8200000| Untracked 
| 131|0x00000000e8300000, 0x00000000e8300000, 0x00000000e8400000|  0%| F|  |TAMS 0x00000000e8300000| PB 0x00000000e8300000| Untracked 
| 132|0x00000000e8400000, 0x00000000e8400000, 0x00000000e8500000|  0%| F|  |TAMS 0x00000000e8400000| PB 0x00000000e8400000| Untracked 
| 133|0x00000000e8500000, 0x00000000e8500000, 0x00000000e8600000|  0%| F|  |TAMS 0x00000000e8500000| PB 0x00000000e8500000| Untracked 
| 134|0x00000000e8600000, 0x00000000e8600000, 0x00000000e8700000|  0%| F|  |TAMS 0x00000000e8600000| PB 0x00000000e8600000| Untracked 
| 135|0x00000000e8700000, 0x00000000e8700000, 0x00000000e8800000|  0%| F|  |TAMS 0x00000000e8700000| PB 0x00000000e8700000| Untracked 
| 136|0x00000000e8800000, 0x00000000e8800000, 0x00000000e8900000|  0%| F|  |TAMS 0x00000000e8800000| PB 0x00000000e8800000| Untracked 
| 137|0x00000000e8900000, 0x00000000e8900000, 0x00000000e8a00000|  0%| F|  |TAMS 0x00000000e8900000| PB 0x00000000e8900000| Untracked 
| 138|0x00000000e8a00000, 0x00000000e8a00000, 0x00000000e8b00000|  0%| F|  |TAMS 0x00000000e8a00000| PB 0x00000000e8a00000| Untracked 
| 139|0x00000000e8b00000, 0x00000000e8b00000, 0x00000000e8c00000|  0%| F|  |TAMS 0x00000000e8b00000| PB 0x00000000e8b00000| Untracked 
| 140|0x00000000e8c00000, 0x00000000e8c00000, 0x00000000e8d00000|  0%| F|  |TAMS 0x00000000e8c00000| PB 0x00000000e8c00000| Untracked 
| 141|0x00000000e8d00000, 0x00000000e8d00000, 0x00000000e8e00000|  0%| F|  |TAMS 0x00000000e8d00000| PB 0x00000000e8d00000| Untracked 
| 142|0x00000000e8e00000, 0x00000000e8e00000, 0x00000000e8f00000|  0%| F|  |TAMS 0x00000000e8e00000| PB 0x00000000e8e00000| Untracked 
| 143|0x00000000e8f00000, 0x00000000e8f00000, 0x00000000e9000000|  0%| F|  |TAMS 0x00000000e8f00000| PB 0x00000000e8f00000| Untracked 
| 144|0x00000000e9000000, 0x00000000e9000000, 0x00000000e9100000|  0%| F|  |TAMS 0x00000000e9000000| PB 0x00000000e9000000| Untracked 
| 145|0x00000000e9100000, 0x00000000e9100000, 0x00000000e9200000|  0%| F|  |TAMS 0x00000000e9100000| PB 0x00000000e9100000| Untracked 
| 146|0x00000000e9200000, 0x00000000e9200000, 0x00000000e9300000|  0%| F|  |TAMS 0x00000000e9200000| PB 0x00000000e9200000| Untracked 
| 147|0x00000000e9300000, 0x00000000e9300000, 0x00000000e9400000|  0%| F|  |TAMS 0x00000000e9300000| PB 0x00000000e9300000| Untracked 
| 148|0x00000000e9400000, 0x00000000e9400000, 0x00000000e9500000|  0%| F|  |TAMS 0x00000000e9400000| PB 0x00000000e9400000| Untracked 
| 149|0x00000000e9500000, 0x00000000e9500000, 0x00000000e9600000|  0%| F|  |TAMS 0x00000000e9500000| PB 0x00000000e9500000| Untracked 
| 150|0x00000000e9600000, 0x00000000e9600000, 0x00000000e9700000|  0%| F|  |TAMS 0x00000000e9600000| PB 0x00000000e9600000| Untracked 
| 151|0x00000000e9700000, 0x00000000e9700000, 0x00000000e9800000|  0%| F|  |TAMS 0x00000000e9700000| PB 0x00000000e9700000| Untracked 
| 152|0x00000000e9800000, 0x00000000e9800000, 0x00000000e9900000|  0%| F|  |TAMS 0x00000000e9800000| PB 0x00000000e9800000| Untracked 
| 153|0x00000000e9900000, 0x00000000e9900000, 0x00000000e9a00000|  0%| F|  |TAMS 0x00000000e9900000| PB 0x00000000e9900000| Untracked 
| 154|0x00000000e9a00000, 0x00000000e9a97440, 0x00000000e9b00000| 59%| E|  |TAMS 0x00000000e9a00000| PB 0x00000000e9a00000| Complete 
| 155|0x00000000e9b00000, 0x00000000e9c00000, 0x00000000e9c00000|100%| E|CS|TAMS 0x00000000e9b00000| PB 0x00000000e9b00000| Complete 
| 156|0x00000000e9c00000, 0x00000000e9d00000, 0x00000000e9d00000|100%| E|CS|TAMS 0x00000000e9c00000| PB 0x00000000e9c00000| Complete 
| 157|0x00000000e9d00000, 0x00000000e9e00000, 0x00000000e9e00000|100%| E|CS|TAMS 0x00000000e9d00000| PB 0x00000000e9d00000| Complete 
| 158|0x00000000e9e00000, 0x00000000e9f00000, 0x00000000e9f00000|100%| E|CS|TAMS 0x00000000e9e00000| PB 0x00000000e9e00000| Complete 
| 159|0x00000000e9f00000, 0x00000000ea000000, 0x00000000ea000000|100%| E|CS|TAMS 0x00000000e9f00000| PB 0x00000000e9f00000| Complete 
| 160|0x00000000ea000000, 0x00000000ea100000, 0x00000000ea100000|100%| E|CS|TAMS 0x00000000ea000000| PB 0x00000000ea000000| Complete 
| 161|0x00000000ea100000, 0x00000000ea200000, 0x00000000ea200000|100%| E|CS|TAMS 0x00000000ea100000| PB 0x00000000ea100000| Complete 
| 162|0x00000000ea200000, 0x00000000ea300000, 0x00000000ea300000|100%| E|CS|TAMS 0x00000000ea200000| PB 0x00000000ea200000| Complete 
| 163|0x00000000ea300000, 0x00000000ea400000, 0x00000000ea400000|100%| E|CS|TAMS 0x00000000ea300000| PB 0x00000000ea300000| Complete 
| 164|0x00000000ea400000, 0x00000000ea500000, 0x00000000ea500000|100%| E|CS|TAMS 0x00000000ea400000| PB 0x00000000ea400000| Complete 
| 165|0x00000000ea500000, 0x00000000ea600000, 0x00000000ea600000|100%| E|CS|TAMS 0x00000000ea500000| PB 0x00000000ea500000| Complete 
| 166|0x00000000ea600000, 0x00000000ea700000, 0x00000000ea700000|100%| E|CS|TAMS 0x00000000ea600000| PB 0x00000000ea600000| Complete 
| 167|0x00000000ea700000, 0x00000000ea800000, 0x00000000ea800000|100%| E|CS|TAMS 0x00000000ea700000| PB 0x00000000ea700000| Complete 
| 168|0x00000000ea800000, 0x00000000ea900000, 0x00000000ea900000|100%| E|CS|TAMS 0x00000000ea800000| PB 0x00000000ea800000| Complete 
| 169|0x00000000ea900000, 0x00000000eaa00000, 0x00000000eaa00000|100%| E|CS|TAMS 0x00000000ea900000| PB 0x00000000ea900000| Complete 
| 170|0x00000000eaa00000, 0x00000000eab00000, 0x00000000eab00000|100%| E|CS|TAMS 0x00000000eaa00000| PB 0x00000000eaa00000| Complete 
| 171|0x00000000eab00000, 0x00000000eac00000, 0x00000000eac00000|100%| E|CS|TAMS 0x00000000eab00000| PB 0x00000000eab00000| Complete 
| 172|0x00000000eac00000, 0x00000000ead00000, 0x00000000ead00000|100%| E|CS|TAMS 0x00000000eac00000| PB 0x00000000eac00000| Complete 
| 173|0x00000000ead00000, 0x00000000eae00000, 0x00000000eae00000|100%| E|CS|TAMS 0x00000000ead00000| PB 0x00000000ead00000| Complete 
| 174|0x00000000eae00000, 0x00000000eaf00000, 0x00000000eaf00000|100%| E|CS|TAMS 0x00000000eae00000| PB 0x00000000eae00000| Complete 
| 175|0x00000000eaf00000, 0x00000000eb000000, 0x00000000eb000000|100%| E|CS|TAMS 0x00000000eaf00000| PB 0x00000000eaf00000| Complete 
| 176|0x00000000eb000000, 0x00000000eb100000, 0x00000000eb100000|100%| E|CS|TAMS 0x00000000eb000000| PB 0x00000000eb000000| Complete 
| 177|0x00000000eb100000, 0x00000000eb200000, 0x00000000eb200000|100%| E|CS|TAMS 0x00000000eb100000| PB 0x00000000eb100000| Complete 
| 178|0x00000000eb200000, 0x00000000eb300000, 0x00000000eb300000|100%| E|CS|TAMS 0x00000000eb200000| PB 0x00000000eb200000| Complete 
| 179|0x00000000eb300000, 0x00000000eb400000, 0x00000000eb400000|100%| E|CS|TAMS 0x00000000eb300000| PB 0x00000000eb300000| Complete 
| 180|0x00000000eb400000, 0x00000000eb500000, 0x00000000eb500000|100%| E|CS|TAMS 0x00000000eb400000| PB 0x00000000eb400000| Complete 
| 181|0x00000000eb500000, 0x00000000eb600000, 0x00000000eb600000|100%| E|CS|TAMS 0x00000000eb500000| PB 0x00000000eb500000| Complete 
| 182|0x00000000eb600000, 0x00000000eb700000, 0x00000000eb700000|100%| E|CS|TAMS 0x00000000eb600000| PB 0x00000000eb600000| Complete 
| 183|0x00000000eb700000, 0x00000000eb800000, 0x00000000eb800000|100%| E|CS|TAMS 0x00000000eb700000| PB 0x00000000eb700000| Complete 
| 184|0x00000000eb800000, 0x00000000eb900000, 0x00000000eb900000|100%| E|CS|TAMS 0x00000000eb800000| PB 0x00000000eb800000| Complete 
| 185|0x00000000eb900000, 0x00000000eba00000, 0x00000000eba00000|100%| E|CS|TAMS 0x00000000eb900000| PB 0x00000000eb900000| Complete 
| 186|0x00000000eba00000, 0x00000000ebb00000, 0x00000000ebb00000|100%| E|CS|TAMS 0x00000000eba00000| PB 0x00000000eba00000| Complete 
| 187|0x00000000ebb00000, 0x00000000ebc00000, 0x00000000ebc00000|100%| E|CS|TAMS 0x00000000ebb00000| PB 0x00000000ebb00000| Complete 
| 188|0x00000000ebc00000, 0x00000000ebd00000, 0x00000000ebd00000|100%| E|CS|TAMS 0x00000000ebc00000| PB 0x00000000ebc00000| Complete 
| 189|0x00000000ebd00000, 0x00000000ebe00000, 0x00000000ebe00000|100%| E|CS|TAMS 0x00000000ebd00000| PB 0x00000000ebd00000| Complete 
| 190|0x00000000ebe00000, 0x00000000ebf00000, 0x00000000ebf00000|100%| E|CS|TAMS 0x00000000ebe00000| PB 0x00000000ebe00000| Complete 
| 191|0x00000000ebf00000, 0x00000000ec000000, 0x00000000ec000000|100%| E|CS|TAMS 0x00000000ebf00000| PB 0x00000000ebf00000| Complete 
| 192|0x00000000ec000000, 0x00000000ec100000, 0x00000000ec100000|100%| E|CS|TAMS 0x00000000ec000000| PB 0x00000000ec000000| Complete 
| 193|0x00000000ec100000, 0x00000000ec200000, 0x00000000ec200000|100%| E|CS|TAMS 0x00000000ec100000| PB 0x00000000ec100000| Complete 
| 194|0x00000000ec200000, 0x00000000ec300000, 0x00000000ec300000|100%| E|CS|TAMS 0x00000000ec200000| PB 0x00000000ec200000| Complete 
| 195|0x00000000ec300000, 0x00000000ec400000, 0x00000000ec400000|100%| E|CS|TAMS 0x00000000ec300000| PB 0x00000000ec300000| Complete 
| 196|0x00000000ec400000, 0x00000000ec500000, 0x00000000ec500000|100%| E|CS|TAMS 0x00000000ec400000| PB 0x00000000ec400000| Complete 
| 197|0x00000000ec500000, 0x00000000ec600000, 0x00000000ec600000|100%| E|CS|TAMS 0x00000000ec500000| PB 0x00000000ec500000| Complete 
| 198|0x00000000ec600000, 0x00000000ec700000, 0x00000000ec700000|100%| E|CS|TAMS 0x00000000ec600000| PB 0x00000000ec600000| Complete 
| 199|0x00000000ec700000, 0x00000000ec800000, 0x00000000ec800000|100%| E|CS|TAMS 0x00000000ec700000| PB 0x00000000ec700000| Complete 
| 200|0x00000000ec800000, 0x00000000ec900000, 0x00000000ec900000|100%| E|CS|TAMS 0x00000000ec800000| PB 0x00000000ec800000| Complete 
| 201|0x00000000ec900000, 0x00000000eca00000, 0x00000000eca00000|100%| E|CS|TAMS 0x00000000ec900000| PB 0x00000000ec900000| Complete 
| 202|0x00000000eca00000, 0x00000000ecb00000, 0x00000000ecb00000|100%| E|CS|TAMS 0x00000000eca00000| PB 0x00000000eca00000| Complete 
| 203|0x00000000ecb00000, 0x00000000ecc00000, 0x00000000ecc00000|100%| E|CS|TAMS 0x00000000ecb00000| PB 0x00000000ecb00000| Complete 
| 204|0x00000000ecc00000, 0x00000000ecd00000, 0x00000000ecd00000|100%| E|CS|TAMS 0x00000000ecc00000| PB 0x00000000ecc00000| Complete 
| 205|0x00000000ecd00000, 0x00000000ece00000, 0x00000000ece00000|100%| E|CS|TAMS 0x00000000ecd00000| PB 0x00000000ecd00000| Complete 
| 206|0x00000000ece00000, 0x00000000ecf00000, 0x00000000ecf00000|100%| E|CS|TAMS 0x00000000ece00000| PB 0x00000000ece00000| Complete 
| 207|0x00000000ecf00000, 0x00000000ed000000, 0x00000000ed000000|100%| E|CS|TAMS 0x00000000ecf00000| PB 0x00000000ecf00000| Complete 
| 208|0x00000000ed000000, 0x00000000ed100000, 0x00000000ed100000|100%| E|CS|TAMS 0x00000000ed000000| PB 0x00000000ed000000| Complete 
| 209|0x00000000ed100000, 0x00000000ed200000, 0x00000000ed200000|100%| E|CS|TAMS 0x00000000ed100000| PB 0x00000000ed100000| Complete 
| 210|0x00000000ed200000, 0x00000000ed300000, 0x00000000ed300000|100%| E|CS|TAMS 0x00000000ed200000| PB 0x00000000ed200000| Complete 
| 211|0x00000000ed300000, 0x00000000ed400000, 0x00000000ed400000|100%| E|CS|TAMS 0x00000000ed300000| PB 0x00000000ed300000| Complete 
| 212|0x00000000ed400000, 0x00000000ed500000, 0x00000000ed500000|100%| E|CS|TAMS 0x00000000ed400000| PB 0x00000000ed400000| Complete 
| 213|0x00000000ed500000, 0x00000000ed600000, 0x00000000ed600000|100%| E|CS|TAMS 0x00000000ed500000| PB 0x00000000ed500000| Complete 
| 214|0x00000000ed600000, 0x00000000ed700000, 0x00000000ed700000|100%| E|CS|TAMS 0x00000000ed600000| PB 0x00000000ed600000| Complete 
| 215|0x00000000ed700000, 0x00000000ed800000, 0x00000000ed800000|100%| E|CS|TAMS 0x00000000ed700000| PB 0x00000000ed700000| Complete 
| 216|0x00000000ed800000, 0x00000000ed900000, 0x00000000ed900000|100%| E|CS|TAMS 0x00000000ed800000| PB 0x00000000ed800000| Complete 
| 217|0x00000000ed900000, 0x00000000eda00000, 0x00000000eda00000|100%| E|CS|TAMS 0x00000000ed900000| PB 0x00000000ed900000| Complete 
| 218|0x00000000eda00000, 0x00000000edb00000, 0x00000000edb00000|100%| E|CS|TAMS 0x00000000eda00000| PB 0x00000000eda00000| Complete 
| 219|0x00000000edb00000, 0x00000000edc00000, 0x00000000edc00000|100%| E|CS|TAMS 0x00000000edb00000| PB 0x00000000edb00000| Complete 
| 220|0x00000000edc00000, 0x00000000edd00000, 0x00000000edd00000|100%| E|CS|TAMS 0x00000000edc00000| PB 0x00000000edc00000| Complete 
| 221|0x00000000edd00000, 0x00000000ede00000, 0x00000000ede00000|100%| E|CS|TAMS 0x00000000edd00000| PB 0x00000000edd00000| Complete 
| 222|0x00000000ede00000, 0x00000000edf00000, 0x00000000edf00000|100%| E|CS|TAMS 0x00000000ede00000| PB 0x00000000ede00000| Complete 
| 223|0x00000000edf00000, 0x00000000ee000000, 0x00000000ee000000|100%| E|CS|TAMS 0x00000000edf00000| PB 0x00000000edf00000| Complete 
| 224|0x00000000ee000000, 0x00000000ee100000, 0x00000000ee100000|100%| E|CS|TAMS 0x00000000ee000000| PB 0x00000000ee000000| Complete 
| 225|0x00000000ee100000, 0x00000000ee200000, 0x00000000ee200000|100%| E|CS|TAMS 0x00000000ee100000| PB 0x00000000ee100000| Complete 
| 226|0x00000000ee200000, 0x00000000ee300000, 0x00000000ee300000|100%| E|  |TAMS 0x00000000ee200000| PB 0x00000000ee200000| Complete 
| 227|0x00000000ee300000, 0x00000000ee400000, 0x00000000ee400000|100%| E|CS|TAMS 0x00000000ee300000| PB 0x00000000ee300000| Complete 
| 228|0x00000000ee400000, 0x00000000ee500000, 0x00000000ee500000|100%| E|CS|TAMS 0x00000000ee400000| PB 0x00000000ee400000| Complete 
| 229|0x00000000ee500000, 0x00000000ee600000, 0x00000000ee600000|100%| E|CS|TAMS 0x00000000ee500000| PB 0x00000000ee500000| Complete 
| 230|0x00000000ee600000, 0x00000000ee700000, 0x00000000ee700000|100%| E|CS|TAMS 0x00000000ee600000| PB 0x00000000ee600000| Complete 
| 231|0x00000000ee700000, 0x00000000ee800000, 0x00000000ee800000|100%| E|CS|TAMS 0x00000000ee700000| PB 0x00000000ee700000| Complete 
| 232|0x00000000ee800000, 0x00000000ee900000, 0x00000000ee900000|100%| E|CS|TAMS 0x00000000ee800000| PB 0x00000000ee800000| Complete 
| 233|0x00000000ee900000, 0x00000000eea00000, 0x00000000eea00000|100%| E|CS|TAMS 0x00000000ee900000| PB 0x00000000ee900000| Complete 
| 234|0x00000000eea00000, 0x00000000eeb00000, 0x00000000eeb00000|100%| E|CS|TAMS 0x00000000eea00000| PB 0x00000000eea00000| Complete 
| 235|0x00000000eeb00000, 0x00000000eec00000, 0x00000000eec00000|100%| E|CS|TAMS 0x00000000eeb00000| PB 0x00000000eeb00000| Complete 
| 236|0x00000000eec00000, 0x00000000eed00000, 0x00000000eed00000|100%| E|CS|TAMS 0x00000000eec00000| PB 0x00000000eec00000| Complete 
| 237|0x00000000eed00000, 0x00000000eee00000, 0x00000000eee00000|100%| E|CS|TAMS 0x00000000eed00000| PB 0x00000000eed00000| Complete 
| 238|0x00000000eee00000, 0x00000000eef00000, 0x00000000eef00000|100%| E|CS|TAMS 0x00000000eee00000| PB 0x00000000eee00000| Complete 
| 239|0x00000000eef00000, 0x00000000ef000000, 0x00000000ef000000|100%| E|CS|TAMS 0x00000000eef00000| PB 0x00000000eef00000| Complete 
| 240|0x00000000ef000000, 0x00000000ef100000, 0x00000000ef100000|100%| E|CS|TAMS 0x00000000ef000000| PB 0x00000000ef000000| Complete 
| 241|0x00000000ef100000, 0x00000000ef200000, 0x00000000ef200000|100%| E|CS|TAMS 0x00000000ef100000| PB 0x00000000ef100000| Complete 
| 242|0x00000000ef200000, 0x00000000ef300000, 0x00000000ef300000|100%| E|CS|TAMS 0x00000000ef200000| PB 0x00000000ef200000| Complete 
| 243|0x00000000ef300000, 0x00000000ef400000, 0x00000000ef400000|100%| E|CS|TAMS 0x00000000ef300000| PB 0x00000000ef300000| Complete 
| 244|0x00000000ef400000, 0x00000000ef500000, 0x00000000ef500000|100%| E|CS|TAMS 0x00000000ef400000| PB 0x00000000ef400000| Complete 
| 245|0x00000000ef500000, 0x00000000ef600000, 0x00000000ef600000|100%| E|CS|TAMS 0x00000000ef500000| PB 0x00000000ef500000| Complete 
| 246|0x00000000ef600000, 0x00000000ef700000, 0x00000000ef700000|100%| E|CS|TAMS 0x00000000ef600000| PB 0x00000000ef600000| Complete 
| 247|0x00000000ef700000, 0x00000000ef800000, 0x00000000ef800000|100%| E|CS|TAMS 0x00000000ef700000| PB 0x00000000ef700000| Complete 
| 248|0x00000000ef800000, 0x00000000ef900000, 0x00000000ef900000|100%| E|CS|TAMS 0x00000000ef800000| PB 0x00000000ef800000| Complete 
| 249|0x00000000ef900000, 0x00000000efa00000, 0x00000000efa00000|100%| E|CS|TAMS 0x00000000ef900000| PB 0x00000000ef900000| Complete 
| 250|0x00000000efa00000, 0x00000000efb00000, 0x00000000efb00000|100%| E|CS|TAMS 0x00000000efa00000| PB 0x00000000efa00000| Complete 
| 251|0x00000000efb00000, 0x00000000efc00000, 0x00000000efc00000|100%| E|CS|TAMS 0x00000000efb00000| PB 0x00000000efb00000| Complete 
| 252|0x00000000efc00000, 0x00000000efd00000, 0x00000000efd00000|100%| E|CS|TAMS 0x00000000efc00000| PB 0x00000000efc00000| Complete 
| 253|0x00000000efd00000, 0x00000000efe00000, 0x00000000efe00000|100%| E|CS|TAMS 0x00000000efd00000| PB 0x00000000efd00000| Complete 
| 254|0x00000000efe00000, 0x00000000eff00000, 0x00000000eff00000|100%| E|CS|TAMS 0x00000000efe00000| PB 0x00000000efe00000| Complete 
| 255|0x00000000eff00000, 0x00000000f0000000, 0x00000000f0000000|100%| E|CS|TAMS 0x00000000eff00000| PB 0x00000000eff00000| Complete 

Card table byte_map: [0x000001d1da490000,0x000001d1da590000] _byte_map_base: 0x000001d1d9d90000

Marking Bits: (CMBitMap*) 0x000001d1c29864e0
 Bits: [0x000001d1da590000, 0x000001d1dad90000)

Polling page: 0x000001d1c0640000

Metaspace:

Usage:
  Non-class:     63.49 MB used.
      Class:     10.77 MB used.
       Both:     74.27 MB used.

Virtual space:
  Non-class space:      128.00 MB reserved,      64.69 MB ( 51%) committed,  2 nodes.
      Class space:      320.00 MB reserved,      11.88 MB (  4%) committed,  1 nodes.
             Both:      448.00 MB reserved,      76.56 MB ( 17%) committed. 

Chunk freelists:
   Non-Class:  14.80 MB
       Class:  4.09 MB
        Both:  18.89 MB

MaxMetaspaceSize: 384.00 MB
CompressedClassSpaceSize: 320.00 MB
Initial GC threshold: 21.00 MB
Current GC threshold: 98.12 MB
CDS: on
 - commit_granule_bytes: 65536.
 - commit_granule_words: 8192.
 - virtual_space_node_default_size: 8388608.
 - enlarge_chunks_in_place: 1.
 - use_allocation_guard: 0.


Internal statistics:

num_allocs_failed_limit: 9.
num_arena_births: 3978.
num_arena_deaths: 0.
num_vsnodes_births: 3.
num_vsnodes_deaths: 0.
num_space_committed: 1225.
num_space_uncommitted: 0.
num_chunks_returned_to_freelist: 9.
num_chunks_taken_from_freelist: 7776.
num_chunk_merges: 6.
num_chunk_splits: 4934.
num_chunks_enlarged: 2921.
num_inconsistent_stats: 0.

CodeHeap 'non-profiled nmethods': size=120000Kb used=6196Kb max_used=6196Kb free=113803Kb
 bounds [0x000001d1d2b30000, 0x000001d1d3140000, 0x000001d1da060000]
CodeHeap 'profiled nmethods': size=120000Kb used=18639Kb max_used=18639Kb free=101360Kb
 bounds [0x000001d1cb060000, 0x000001d1cc2a0000, 0x000001d1d2590000]
CodeHeap 'non-nmethods': size=5760Kb used=3063Kb max_used=3120Kb free=2696Kb
 bounds [0x000001d1d2590000, 0x000001d1d28b0000, 0x000001d1d2b30000]
CodeCache: size=245760Kb, used=27898Kb, max_used=27955Kb, free=217859Kb
 total_blobs=10616, nmethods=9698, adapters=820, full_count=0
Compilation: enabled, stopped_count=0, restarted_count=0

Compilation events (20 events):
Event: 20.776 Thread 0x000001d1dd8985b0 10446       3       org.gradle.cache.internal.filelock.FileLockOutcome::<init> (5 bytes)
Event: 21.728 Thread 0x000001d1dd8985b0 nmethod 10446 0x000001d1cc290a90 code [0x000001d1cc290c40, 0x000001d1cc290da8]
Event: 21.728 Thread 0x000001d1dd8985b0 10447       3       java.util.HashMap$HashMapSpliterator::getFence (53 bytes)
Event: 21.728 Thread 0x000001d1dd8985b0 nmethod 10447 0x000001d1cc290e90 code [0x000001d1cc291040, 0x000001d1cc2911e8]
Event: 21.728 Thread 0x000001d1dd8985b0 10448       3       java.lang.invoke.DirectMethodHandle$Holder::invokeStatic (14 bytes)
Event: 21.728 Thread 0x000001d1dd8985b0 nmethod 10448 0x000001d1cc291310 code [0x000001d1cc2914e0, 0x000001d1cc2919e8]
Event: 21.729 Thread 0x000001d1dd895380 nmethod 10392 0x000001d1d3138310 code [0x000001d1d3138740, 0x000001d1d313a7c0]
Event: 21.729 Thread 0x000001d1dd895380 10393       4       org.gradle.api.internal.artifacts.ModuleComponentSelectorSerializer::readCapabilitySelectors (53 bytes)
Event: 22.109 Thread 0x000001d1dd8985b0 10449       3       java.lang.invoke.DirectMethodHandle$Holder::invokeStatic (17 bytes)
Event: 22.109 Thread 0x000001d1dd8985b0 nmethod 10449 0x000001d1cc291b10 code [0x000001d1cc291ce0, 0x000001d1cc292188]
Event: 22.109 Thread 0x000001d1dd8985b0 10450       3       java.lang.invoke.LambdaForm$MH/0x000001d1df0f0c00::invoke (32 bytes)
Event: 22.109 Thread 0x000001d1dd8985b0 nmethod 10450 0x000001d1cc292290 code [0x000001d1cc292460, 0x000001d1cc292920]
Event: 22.109 Thread 0x000001d1dd8985b0 10451       1       javax.management.ObjectName::getCanonicalName (5 bytes)
Event: 22.109 Thread 0x000001d1dd8985b0 nmethod 10451 0x000001d1d313bf10 code [0x000001d1d313c0a0, 0x000001d1d313c168]
Event: 23.107 Thread 0x000001d1dd8985b0 10453       3       java.lang.management.ManagementFactory$$Lambda/0x000001d1df072a18::apply (12 bytes)
Event: 23.107 Thread 0x000001d1dd8985b0 nmethod 10453 0x000001d1cc292a90 code [0x000001d1cc292c60, 0x000001d1cc293070]
Event: 23.107 Thread 0x000001d1dd8985b0 10455       3       java.util.ComparableTimSort::reverseRange (32 bytes)
Event: 23.107 Thread 0x000001d1dd8985b0 nmethod 10455 0x000001d1cc293190 code [0x000001d1cc293360, 0x000001d1cc293850]
Event: 23.107 Thread 0x000001d1dd8985b0 10454       3       java.lang.management.ManagementFactory::lambda$getPlatformMXBeans$3 (13 bytes)
Event: 23.108 Thread 0x000001d1dd8985b0 nmethod 10454 0x000001d1cc293a10 code [0x000001d1cc293be0, 0x000001d1cc293e60]

GC Heap History (16 events):
Event: 0.388 GC heap before
{Heap before GC invocations=0 (full 0):
 garbage-first heap   total 262144K, used 22528K [0x00000000e0000000, 0x0000000100000000)
  region size 1024K, 23 young (23552K), 0 survivors (0K)
 Metaspace       used 957K, committed 1088K, reserved 393216K
  class space    used 77K, committed 128K, reserved 327680K
}
Event: 0.390 GC heap after
{Heap after GC invocations=1 (full 0):
 garbage-first heap   total 262144K, used 1927K [0x00000000e0000000, 0x0000000100000000)
  region size 1024K, 2 young (2048K), 2 survivors (2048K)
 Metaspace       used 957K, committed 1088K, reserved 393216K
  class space    used 77K, committed 128K, reserved 327680K
}
Event: 0.868 GC heap before
{Heap before GC invocations=1 (full 0):
 garbage-first heap   total 262144K, used 41863K [0x00000000e0000000, 0x0000000100000000)
  region size 1024K, 39 young (39936K), 2 survivors (2048K)
 Metaspace       used 4466K, committed 4608K, reserved 393216K
  class space    used 563K, committed 640K, reserved 327680K
}
Event: 0.871 GC heap after
{Heap after GC invocations=2 (full 0):
 garbage-first heap   total 262144K, used 11320K [0x00000000e0000000, 0x0000000100000000)
  region size 1024K, 5 young (5120K), 5 survivors (5120K)
 Metaspace       used 4466K, committed 4608K, reserved 393216K
  class space    used 563K, committed 640K, reserved 327680K
}
Event: 7.049 GC heap before
{Heap before GC invocations=2 (full 0):
 garbage-first heap   total 262144K, used 64568K [0x00000000e0000000, 0x0000000100000000)
  region size 1024K, 56 young (57344K), 5 survivors (5120K)
 Metaspace       used 5959K, committed 6208K, reserved 393216K
  class space    used 790K, committed 896K, reserved 327680K
}
Event: 7.056 GC heap after
{Heap after GC invocations=3 (full 0):
 garbage-first heap   total 262144K, used 18140K [0x00000000e0000000, 0x0000000100000000)
  region size 1024K, 6 young (6144K), 6 survivors (6144K)
 Metaspace       used 5959K, committed 6208K, reserved 393216K
  class space    used 790K, committed 896K, reserved 327680K
}
Event: 8.457 GC heap before
{Heap before GC invocations=3 (full 0):
 garbage-first heap   total 262144K, used 103132K [0x00000000e0000000, 0x0000000100000000)
  region size 1024K, 90 young (92160K), 6 survivors (6144K)
 Metaspace       used 20848K, committed 21504K, reserved 393216K
  class space    used 3044K, committed 3328K, reserved 327680K
}
Event: 8.463 GC heap after
{Heap after GC invocations=4 (full 0):
 garbage-first heap   total 262144K, used 23821K [0x00000000e0000000, 0x0000000100000000)
  region size 1024K, 12 young (12288K), 12 survivors (12288K)
 Metaspace       used 20848K, committed 21504K, reserved 393216K
  class space    used 3044K, committed 3328K, reserved 327680K
}
Event: 10.233 GC heap before
{Heap before GC invocations=5 (full 0):
 garbage-first heap   total 262144K, used 146701K [0x00000000e0000000, 0x0000000100000000)
  region size 1024K, 108 young (110592K), 12 survivors (12288K)
 Metaspace       used 34918K, committed 35968K, reserved 393216K
  class space    used 5049K, committed 5568K, reserved 327680K
}
Event: 10.242 GC heap after
{Heap after GC invocations=6 (full 0):
 garbage-first heap   total 262144K, used 59895K [0x00000000e0000000, 0x0000000100000000)
  region size 1024K, 16 young (16384K), 16 survivors (16384K)
 Metaspace       used 34918K, committed 35968K, reserved 393216K
  class space    used 5049K, committed 5568K, reserved 327680K
}
Event: 13.084 GC heap before
{Heap before GC invocations=7 (full 0):
 garbage-first heap   total 262144K, used 220663K [0x00000000e0000000, 0x0000000100000000)
  region size 1024K, 153 young (156672K), 16 survivors (16384K)
 Metaspace       used 46710K, committed 48384K, reserved 393216K
  class space    used 6800K, committed 7616K, reserved 327680K
}
Event: 13.096 GC heap after
{Heap after GC invocations=8 (full 0):
 garbage-first heap   total 262144K, used 86427K [0x00000000e0000000, 0x0000000100000000)
  region size 1024K, 20 young (20480K), 20 survivors (20480K)
 Metaspace       used 46710K, committed 48384K, reserved 393216K
  class space    used 6800K, committed 7616K, reserved 327680K
}
Event: 15.579 GC heap before
{Heap before GC invocations=8 (full 0):
 garbage-first heap   total 262144K, used 213403K [0x00000000e0000000, 0x0000000100000000)
  region size 1024K, 143 young (146432K), 20 survivors (20480K)
 Metaspace       used 58172K, committed 60160K, reserved 393216K
  class space    used 8444K, committed 9408K, reserved 327680K
}
Event: 15.592 GC heap after
{Heap after GC invocations=9 (full 0):
 garbage-first heap   total 262144K, used 93184K [0x00000000e0000000, 0x0000000100000000)
  region size 1024K, 8 young (8192K), 8 survivors (8192K)
 Metaspace       used 58172K, committed 60160K, reserved 393216K
  class space    used 8444K, committed 9408K, reserved 327680K
}
Event: 18.105 GC heap before
{Heap before GC invocations=10 (full 0):
 garbage-first heap   total 262144K, used 229376K [0x00000000e0000000, 0x0000000100000000)
  region size 1024K, 139 young (142336K), 8 survivors (8192K)
 Metaspace       used 69866K, committed 72000K, reserved 393216K
  class space    used 10278K, committed 11328K, reserved 327680K
}
Event: 18.117 GC heap after
{Heap after GC invocations=11 (full 0):
 garbage-first heap   total 262144K, used 103854K [0x00000000e0000000, 0x0000000100000000)
  region size 1024K, 17 young (17408K), 17 survivors (17408K)
 Metaspace       used 69866K, committed 72000K, reserved 393216K
  class space    used 10278K, committed 11328K, reserved 327680K
}

Dll operation events (15 events):
Event: 0.009 Loaded shared library C:\Users\USER\.jdks\ms-21.0.8-1\bin\java.dll
Event: 0.037 Loaded shared library C:\Users\USER\.jdks\ms-21.0.8-1\bin\jsvml.dll
Event: 0.074 Loaded shared library C:\Users\USER\.jdks\ms-21.0.8-1\bin\zip.dll
Event: 0.078 Loaded shared library C:\Users\USER\.jdks\ms-21.0.8-1\bin\instrument.dll
Event: 0.083 Loaded shared library C:\Users\USER\.jdks\ms-21.0.8-1\bin\net.dll
Event: 0.085 Loaded shared library C:\Users\USER\.jdks\ms-21.0.8-1\bin\nio.dll
Event: 0.089 Loaded shared library C:\Users\USER\.jdks\ms-21.0.8-1\bin\zip.dll
Event: 0.369 Loaded shared library C:\Users\USER\.jdks\ms-21.0.8-1\bin\jimage.dll
Event: 0.477 Loaded shared library C:\Users\USER\.jdks\ms-21.0.8-1\bin\verify.dll
Event: 0.547 Loaded shared library C:\Users\USER\.gradle\native\1def1411415f61bf3af743bc5b6707747c0891f09f0c88961ee8f79bc544acac\windows-amd64\native-platform.dll
Event: 0.556 Loaded shared library C:\Users\USER\.gradle\native\0.2.7\x86_64-windows-gnu\gradle-fileevents.dll
Event: 7.077 Loaded shared library C:\Users\USER\.jdks\ms-21.0.8-1\bin\management.dll
Event: 7.079 Loaded shared library C:\Users\USER\.jdks\ms-21.0.8-1\bin\management_ext.dll
Event: 7.186 Loaded shared library C:\Users\USER\.jdks\ms-21.0.8-1\bin\extnet.dll
Event: 7.332 Loaded shared library C:\Users\USER\.jdks\ms-21.0.8-1\bin\sunmscapi.dll

Deoptimization events (20 events):
Event: 20.410 Thread 0x000001d1f7c612b0 Uncommon trap: trap_request=0xffffff66 fr.pc=0x000001d1d30fb78c relative=0x000000000000006c
Event: 20.410 Thread 0x000001d1f7c612b0 Uncommon trap: reason=speculate_class_check action=maybe_recompile pc=0x000001d1d30fb78c method=java.lang.invoke.DirectMethodHandle$Holder.getReference(Ljava/lang/Object;Ljava/lang/Object;)Ljava/lang/Object; @ 24 c2
Event: 20.410 Thread 0x000001d1f7c612b0 DEOPT PACKING pc=0x000001d1d30fb78c sp=0x00000080a45f59f0
Event: 20.465 Thread 0x000001d1f7c612b0 DEOPT UNPACKING pc=0x000001d1d25e7da2 sp=0x00000080a45f5948 mode 2
Event: 20.466 Thread 0x000001d1f7c612b0 Uncommon trap: trap_request=0xffffff66 fr.pc=0x000001d1d30fb78c relative=0x000000000000006c
Event: 20.466 Thread 0x000001d1f7c612b0 Uncommon trap: reason=speculate_class_check action=maybe_recompile pc=0x000001d1d30fb78c method=java.lang.invoke.DirectMethodHandle$Holder.getReference(Ljava/lang/Object;Ljava/lang/Object;)Ljava/lang/Object; @ 24 c2
Event: 20.466 Thread 0x000001d1f7c612b0 DEOPT PACKING pc=0x000001d1d30fb78c sp=0x00000080a45f5930
Event: 20.466 Thread 0x000001d1f7c612b0 DEOPT UNPACKING pc=0x000001d1d25e7da2 sp=0x00000080a45f5888 mode 2
Event: 20.466 Thread 0x000001d1f7c612b0 Uncommon trap: trap_request=0xffffff66 fr.pc=0x000001d1d30fb78c relative=0x000000000000006c
Event: 20.466 Thread 0x000001d1f7c612b0 Uncommon trap: reason=speculate_class_check action=maybe_recompile pc=0x000001d1d30fb78c method=java.lang.invoke.DirectMethodHandle$Holder.getReference(Ljava/lang/Object;Ljava/lang/Object;)Ljava/lang/Object; @ 24 c2
Event: 20.466 Thread 0x000001d1f7c612b0 DEOPT PACKING pc=0x000001d1d30fb78c sp=0x00000080a45f5a50
Event: 20.466 Thread 0x000001d1f7c612b0 DEOPT UNPACKING pc=0x000001d1d25e7da2 sp=0x00000080a45f59a8 mode 2
Event: 20.466 Thread 0x000001d1f7c612b0 Uncommon trap: trap_request=0xffffff66 fr.pc=0x000001d1d30fb78c relative=0x000000000000006c
Event: 20.466 Thread 0x000001d1f7c612b0 Uncommon trap: reason=speculate_class_check action=maybe_recompile pc=0x000001d1d30fb78c method=java.lang.invoke.DirectMethodHandle$Holder.getReference(Ljava/lang/Object;Ljava/lang/Object;)Ljava/lang/Object; @ 24 c2
Event: 20.466 Thread 0x000001d1f7c612b0 DEOPT PACKING pc=0x000001d1d30fb78c sp=0x00000080a45f5990
Event: 20.466 Thread 0x000001d1f7c612b0 DEOPT UNPACKING pc=0x000001d1d25e7da2 sp=0x00000080a45f58e8 mode 2
Event: 20.488 Thread 0x000001d1f7c612b0 DEOPT PACKING pc=0x000001d1cbd125f8 sp=0x00000080a45f4770
Event: 20.488 Thread 0x000001d1f7c612b0 DEOPT UNPACKING pc=0x000001d1d25e88e2 sp=0x00000080a45f3c58 mode 0
Event: 20.502 Thread 0x000001d1f7c612b0 DEOPT PACKING pc=0x000001d1cc182c79 sp=0x00000080a45f55e0
Event: 20.502 Thread 0x000001d1f7c612b0 DEOPT UNPACKING pc=0x000001d1d25e88e2 sp=0x00000080a45f4a50 mode 0

Classes loaded (20 events):
Event: 17.755 Loading class java/util/concurrent/ConcurrentLinkedQueue$Itr
Event: 17.756 Loading class java/util/concurrent/ConcurrentLinkedQueue$Itr done
Event: 18.477 Loading class java/util/TreeMap$ValueSpliterator
Event: 18.477 Loading class java/util/TreeMap$ValueSpliterator done
Event: 18.535 Loading class java/io/PushbackInputStream
Event: 18.535 Loading class java/io/PushbackInputStream done
Event: 18.667 Loading class java/io/FilterReader
Event: 18.667 Loading class java/io/FilterReader done
Event: 18.736 Loading class java/util/stream/ReferencePipeline$15
Event: 18.736 Loading class java/util/stream/ReferencePipeline$15 done
Event: 18.739 Loading class java/util/stream/ReferencePipeline$15$1
Event: 18.739 Loading class java/util/stream/ReferencePipeline$15$1 done
Event: 18.763 Loading class java/util/stream/ReduceOps$2
Event: 18.763 Loading class java/util/stream/ReduceOps$2 done
Event: 18.763 Loading class java/util/stream/ReduceOps$2ReducingSink
Event: 18.763 Loading class java/util/stream/ReduceOps$2ReducingSink done
Event: 19.750 Loading class java/text/MessageFormat
Event: 19.750 Loading class java/text/MessageFormat done
Event: 19.886 Loading class java/util/Stack
Event: 19.887 Loading class java/util/Stack done

Classes unloaded (0 events):
No events

Classes redefined (0 events):
No events

Internal exceptions (20 events):
Event: 18.715 Thread 0x000001d1f7c612b0 Exception <a 'java/lang/ClassNotFoundException'{0x00000000ed6d6228}: org/gradle/internal/state/OwnerAwareBeanInfo> (0x00000000ed6d6228) 
thrown [s\src\hotspot\share\classfile\systemDictionary.cpp, line 312]
Event: 18.716 Thread 0x000001d1f7c612b0 Exception <a 'java/lang/ClassNotFoundException'{0x00000000ed6dec40}: org/gradle/internal/state/OwnerAwareCustomizer> (0x00000000ed6dec40) 
thrown [s\src\hotspot\share\classfile\systemDictionary.cpp, line 312]
Event: 18.718 Thread 0x000001d1f7c612b0 Exception <a 'java/lang/ClassNotFoundException'{0x00000000ed6efbc0}: org/gradle/api/internal/DynamicObjectAwareBeanInfo> (0x00000000ed6efbc0) 
thrown [s\src\hotspot\share\classfile\systemDictionary.cpp, line 312]
Event: 18.721 Thread 0x000001d1f7c612b0 Exception <a 'java/lang/ClassNotFoundException'{0x00000000ed6f8740}: org/gradle/api/internal/DynamicObjectAwareCustomizer> (0x00000000ed6f8740) 
thrown [s\src\hotspot\share\classfile\systemDictionary.cpp, line 312]
Event: 18.722 Thread 0x000001d1f7c612b0 Exception <a 'java/lang/ClassNotFoundException'{0x00000000ed50bf60}: groovy/lang/GroovyObjectBeanInfo> (0x00000000ed50bf60) 
thrown [s\src\hotspot\share\classfile\systemDictionary.cpp, line 312]
Event: 18.722 Thread 0x000001d1f7c612b0 Exception <a 'java/lang/ClassNotFoundException'{0x00000000ed514768}: groovy/lang/GroovyObjectCustomizer> (0x00000000ed514768) 
thrown [s\src\hotspot\share\classfile\systemDictionary.cpp, line 312]
Event: 19.906 Thread 0x000001d1f7c612b0 Exception <a 'java/lang/ClassNotFoundException'{0x00000000ec1de818}: org/gradle/plugin/software/internal/SoftwareFeaturesDynamicObject_DecoratedBeanInfo> (0x00000000ec1de818) 
thrown [s\src\hotspot\share\classfile\systemDictionary.cpp, line 312]
Event: 19.907 Thread 0x000001d1f7c612b0 Exception <a 'java/lang/ClassNotFoundException'{0x00000000ec1ed6c8}: org/gradle/plugin/software/internal/SoftwareFeaturesDynamicObjectBeanInfo> (0x00000000ec1ed6c8) 
thrown [s\src\hotspot\share\classfile\systemDictionary.cpp, line 312]
Event: 19.907 Thread 0x000001d1f7c612b0 Exception <a 'java/lang/ClassNotFoundException'{0x00000000ec1fc240}: org/gradle/internal/metaobject/AbstractDynamicObjectBeanInfo> (0x00000000ec1fc240) 
thrown [s\src\hotspot\share\classfile\systemDictionary.cpp, line 312]
Event: 19.910 Thread 0x000001d1f7c612b0 Exception <a 'java/lang/ClassNotFoundException'{0x00000000ec00b000}: org/gradle/internal/metaobject/AbstractDynamicObjectCustomizer> (0x00000000ec00b000) 
thrown [s\src\hotspot\share\classfile\systemDictionary.cpp, line 312]
Event: 19.914 Thread 0x000001d1f7c612b0 Exception <a 'java/lang/ClassNotFoundException'{0x00000000ec026298}: org/gradle/plugin/software/internal/SoftwareFeaturesDynamicObjectCustomizer> (0x00000000ec026298) 
thrown [s\src\hotspot\share\classfile\systemDictionary.cpp, line 312]
Event: 19.920 Thread 0x000001d1f7c612b0 Exception <a 'java/lang/ClassNotFoundException'{0x00000000ec03c6f8}: org/gradle/plugin/software/internal/SoftwareFeaturesDynamicObject_DecoratedCustomizer> (0x00000000ec03c6f8) 
thrown [s\src\hotspot\share\classfile\systemDictionary.cpp, line 312]
Event: 19.925 Thread 0x000001d1f7c612b0 Exception <a 'java/lang/ClassNotFoundException'{0x00000000ec083e38}: org/gradle/api/internal/plugins/NaggingBasePluginConventionBeanInfo> (0x00000000ec083e38) 
thrown [s\src\hotspot\share\classfile\systemDictionary.cpp, line 312]
Event: 19.925 Thread 0x000001d1f7c612b0 Exception <a 'java/lang/ClassNotFoundException'{0x00000000ec0950a0}: org/gradle/api/plugins/BasePluginConventionBeanInfo> (0x00000000ec0950a0) 
thrown [s\src\hotspot\share\classfile\systemDictionary.cpp, line 312]
Event: 19.926 Thread 0x000001d1f7c612b0 Exception <a 'java/lang/ClassNotFoundException'{0x00000000ec0a62d0}: org/gradle/api/plugins/BasePluginConventionCustomizer> (0x00000000ec0a62d0) 
thrown [s\src\hotspot\share\classfile\systemDictionary.cpp, line 312]
Event: 19.929 Thread 0x000001d1f7c612b0 Exception <a 'java/lang/ClassNotFoundException'{0x00000000ec0c3688}: org/gradle/api/internal/plugins/NaggingBasePluginConventionCustomizer> (0x00000000ec0c3688) 
thrown [s\src\hotspot\share\classfile\systemDictionary.cpp, line 312]
Event: 19.934 Thread 0x000001d1f7c612b0 Exception <a 'java/lang/ClassNotFoundException'{0x00000000ebf07850}: org/gradle/api/plugins/internal/NaggingJavaPluginConventionBeanInfo> (0x00000000ebf07850) 
thrown [s\src\hotspot\share\classfile\systemDictionary.cpp, line 312]
Event: 19.934 Thread 0x000001d1f7c612b0 Exception <a 'java/lang/ClassNotFoundException'{0x00000000ebf18ab8}: org/gradle/api/plugins/JavaPluginConventionBeanInfo> (0x00000000ebf18ab8) 
thrown [s\src\hotspot\share\classfile\systemDictionary.cpp, line 312]
Event: 19.935 Thread 0x000001d1f7c612b0 Exception <a 'java/lang/ClassNotFoundException'{0x00000000ebf29ce8}: org/gradle/api/plugins/JavaPluginConventionCustomizer> (0x00000000ebf29ce8) 
thrown [s\src\hotspot\share\classfile\systemDictionary.cpp, line 312]
Event: 19.937 Thread 0x000001d1f7c612b0 Exception <a 'java/lang/ClassNotFoundException'{0x00000000ebf50b68}: org/gradle/api/plugins/internal/NaggingJavaPluginConventionCustomizer> (0x00000000ebf50b68) 
thrown [s\src\hotspot\share\classfile\systemDictionary.cpp, line 312]

ZGC Phase Switch (0 events):
No events

VM Operations (20 events):
Event: 17.503 Executing VM operation: ICBufferFull
Event: 17.503 Executing VM operation: ICBufferFull done
Event: 17.745 Executing VM operation: HandshakeAllThreads (Deoptimize)
Event: 17.745 Executing VM operation: HandshakeAllThreads (Deoptimize) done
Event: 17.751 Executing VM operation: HandshakeAllThreads (Deoptimize)
Event: 17.751 Executing VM operation: HandshakeAllThreads (Deoptimize) done
Event: 17.794 Executing VM operation: ICBufferFull
Event: 17.794 Executing VM operation: ICBufferFull done
Event: 18.105 Executing VM operation: G1CollectForAllocation (G1 Evacuation Pause)
Event: 18.117 Executing VM operation: G1CollectForAllocation (G1 Evacuation Pause) done
Event: 18.756 Executing VM operation: ICBufferFull
Event: 18.756 Executing VM operation: ICBufferFull done
Event: 20.083 Executing VM operation: ICBufferFull
Event: 20.083 Executing VM operation: ICBufferFull done
Event: 20.582 Executing VM operation: ICBufferFull
Event: 20.582 Executing VM operation: ICBufferFull done
Event: 20.675 Executing VM operation: HandshakeAllThreads (Deoptimize)
Event: 20.675 Executing VM operation: HandshakeAllThreads (Deoptimize) done
Event: 21.680 Executing VM operation: Cleanup
Event: 21.680 Executing VM operation: Cleanup done

Memory protections (0 events):
No events

Nmethod flushes (20 events):
Event: 15.623 Thread 0x000001d1dd8333b0 flushing  nmethod 0x000001d1cb391e10
Event: 15.623 Thread 0x000001d1dd8333b0 flushing  nmethod 0x000001d1cb395510
Event: 15.623 Thread 0x000001d1dd8333b0 flushing  nmethod 0x000001d1cb419a10
Event: 15.623 Thread 0x000001d1dd8333b0 flushing  nmethod 0x000001d1cb41a490
Event: 15.623 Thread 0x000001d1dd8333b0 flushing  nmethod 0x000001d1cb41b490
Event: 15.623 Thread 0x000001d1dd8333b0 flushing  nmethod 0x000001d1cb41ed10
Event: 15.623 Thread 0x000001d1dd8333b0 flushing  nmethod 0x000001d1cb427990
Event: 15.623 Thread 0x000001d1dd8333b0 flushing  nmethod 0x000001d1cb429910
Event: 15.623 Thread 0x000001d1dd8333b0 flushing  nmethod 0x000001d1cb42bd90
Event: 15.623 Thread 0x000001d1dd8333b0 flushing  nmethod 0x000001d1cb546410
Event: 15.623 Thread 0x000001d1dd8333b0 flushing  nmethod 0x000001d1cb546910
Event: 15.623 Thread 0x000001d1dd8333b0 flushing  nmethod 0x000001d1cb6df090
Event: 15.623 Thread 0x000001d1dd8333b0 flushing  nmethod 0x000001d1cb6dfd10
Event: 15.623 Thread 0x000001d1dd8333b0 flushing  nmethod 0x000001d1cb6e0c90
Event: 15.623 Thread 0x000001d1dd8333b0 flushing  nmethod 0x000001d1cb6e2410
Event: 15.623 Thread 0x000001d1dd8333b0 flushing  nmethod 0x000001d1cb6e5f90
Event: 15.623 Thread 0x000001d1dd8333b0 flushing  nmethod 0x000001d1cb6e6410
Event: 15.623 Thread 0x000001d1dd8333b0 flushing  nmethod 0x000001d1cb6e6e90
Event: 15.623 Thread 0x000001d1dd8333b0 flushing  nmethod 0x000001d1cb720e90
Event: 15.623 Thread 0x000001d1dd8333b0 flushing  nmethod 0x000001d1cb72b190

Events (20 events):
Event: 20.212 Thread 0x000001d1f7c612b0 Thread added: 0x000001d1fb1f0c50
Event: 20.224 Thread 0x000001d1f7c612b0 Thread added: 0x000001d1fb1f1970
Event: 20.232 Thread 0x000001d1f7c612b0 Thread added: 0x000001d1fb1eff30
Event: 20.241 Thread 0x000001d1f7c612b0 Thread added: 0x000001d1fb1eeb80
Event: 20.249 Thread 0x000001d1f7c612b0 Thread added: 0x000001d1fb1f12e0
Event: 20.256 Thread 0x000001d1f7c612b0 Thread added: 0x000001d1fb1ef210
Event: 20.263 Thread 0x000001d1f7c612b0 Thread added: 0x000001d1fb1f2000
Event: 20.269 Thread 0x000001d1f7c612b0 Thread added: 0x000001d1fb1f2690
Event: 20.276 Thread 0x000001d1f7c612b0 Thread added: 0x000001d1f8434770
Event: 20.301 Thread 0x000001d1f7c612b0 Thread added: 0x000001d1f8433a50
Event: 20.309 Thread 0x000001d1f7c612b0 Thread added: 0x000001d1f8434e00
Event: 20.316 Thread 0x000001d1f7c612b0 Thread added: 0x000001d1f8435490
Event: 20.323 Thread 0x000001d1f7c612b0 Thread added: 0x000001d1f8432010
Event: 20.330 Thread 0x000001d1f7c612b0 Thread added: 0x000001d1f84333c0
Event: 20.337 Thread 0x000001d1f7c612b0 Thread added: 0x000001d1f8435b20
Event: 20.344 Thread 0x000001d1f7c612b0 Thread added: 0x000001d1f84340e0
Event: 20.350 Thread 0x000001d1f7c612b0 Thread added: 0x000001d1f84326a0
Event: 20.356 Thread 0x000001d1f7c612b0 Thread added: 0x000001d1f84361b0
Event: 20.367 Thread 0x000001d1f7c612b0 Thread added: 0x000001d1f8432d30
Event: 20.377 Thread 0x000001d1f7c612b0 Thread added: 0x000001d1f8436840


Dynamic libraries:
0x00007ff7324c0000 - 0x00007ff7324ce000 	C:\Users\USER\.jdks\ms-21.0.8-1\bin\java.exe
0x00007ffce7600000 - 0x00007ffce7868000 	C:\WINDOWS\SYSTEM32\ntdll.dll
0x00007ffce5d60000 - 0x00007ffce5e29000 	C:\WINDOWS\System32\KERNEL32.DLL
0x00007ffce4790000 - 0x00007ffce4b82000 	C:\WINDOWS\System32\KERNELBASE.dll
0x00007ffce4cf0000 - 0x00007ffce4e3b000 	C:\WINDOWS\System32\ucrtbase.dll
0x00007ffcde7a0000 - 0x00007ffcde7b8000 	C:\Users\USER\.jdks\ms-21.0.8-1\bin\jli.dll
0x00007ffcde570000 - 0x00007ffcde58e000 	C:\Users\USER\.jdks\ms-21.0.8-1\bin\VCRUNTIME140.dll
0x00007ffce6d30000 - 0x00007ffce6ef5000 	C:\WINDOWS\System32\USER32.dll
0x00007ffce4cc0000 - 0x00007ffce4ce7000 	C:\WINDOWS\System32\win32u.dll
0x00007ffce5d30000 - 0x00007ffce5d5b000 	C:\WINDOWS\System32\GDI32.dll
0x00007ffcc72c0000 - 0x00007ffcc7553000 	C:\WINDOWS\WinSxS\amd64_microsoft.windows.common-controls_6595b64144ccf1df_6.0.26100.6899_none_3e0efeeae32e88c1\COMCTL32.dll
0x00007ffce4e40000 - 0x00007ffce4f6d000 	C:\WINDOWS\System32\gdi32full.dll
0x00007ffce6bd0000 - 0x00007ffce6c79000 	C:\WINDOWS\System32\msvcrt.dll
0x00007ffce5320000 - 0x00007ffce53c3000 	C:\WINDOWS\System32\msvcp_win.dll
0x00007ffce6b80000 - 0x00007ffce6baf000 	C:\WINDOWS\System32\IMM32.DLL
0x00007ffcde8b0000 - 0x00007ffcde8bc000 	C:\Users\USER\.jdks\ms-21.0.8-1\bin\vcruntime140_1.dll
0x00007ffcc75c0000 - 0x00007ffcc7649000 	C:\Users\USER\.jdks\ms-21.0.8-1\bin\msvcp140.dll
0x00007ffbed7e0000 - 0x00007ffbee58c000 	C:\Users\USER\.jdks\ms-21.0.8-1\bin\server\jvm.dll
0x00007ffce7500000 - 0x00007ffce75b4000 	C:\WINDOWS\System32\ADVAPI32.dll
0x00007ffce53d0000 - 0x00007ffce5476000 	C:\WINDOWS\System32\sechost.dll
0x00007ffce6990000 - 0x00007ffce6aa8000 	C:\WINDOWS\System32\RPCRT4.dll
0x00007ffce6ca0000 - 0x00007ffce6d14000 	C:\WINDOWS\System32\WS2_32.dll
0x00007ffccd530000 - 0x00007ffccd565000 	C:\WINDOWS\SYSTEM32\WINMM.dll
0x00007ffce45f0000 - 0x00007ffce464e000 	C:\WINDOWS\SYSTEM32\POWRPROF.dll
0x00007ffcd1e60000 - 0x00007ffcd1e6b000 	C:\WINDOWS\SYSTEM32\VERSION.dll
0x00007ffce45d0000 - 0x00007ffce45e4000 	C:\WINDOWS\SYSTEM32\UMPDC.dll
0x00007ffce3560000 - 0x00007ffce357b000 	C:\WINDOWS\SYSTEM32\kernel.appcore.dll
0x00007ffcde560000 - 0x00007ffcde56a000 	C:\Users\USER\.jdks\ms-21.0.8-1\bin\jimage.dll
0x00007ffce20b0000 - 0x00007ffce22f2000 	C:\WINDOWS\SYSTEM32\DBGHELP.DLL
0x00007ffce6590000 - 0x00007ffce690b000 	C:\WINDOWS\System32\combase.dll
0x00007ffce54e0000 - 0x00007ffce55b7000 	C:\WINDOWS\System32\OLEAUT32.dll
0x00007ffcc5bc0000 - 0x00007ffcc5bfc000 	C:\WINDOWS\SYSTEM32\dbgcore.DLL
0x00007ffce4c20000 - 0x00007ffce4cb8000 	C:\WINDOWS\System32\bcryptPrimitives.dll
0x00007ffcde550000 - 0x00007ffcde560000 	C:\Users\USER\.jdks\ms-21.0.8-1\bin\instrument.dll
0x00007ffcde4b0000 - 0x00007ffcde4d1000 	C:\Users\USER\.jdks\ms-21.0.8-1\bin\java.dll
0x00007ffce5e40000 - 0x00007ffce658d000 	C:\WINDOWS\System32\SHELL32.dll
0x00007ffce51b0000 - 0x00007ffce531b000 	C:\WINDOWS\System32\wintypes.dll
0x00007ffce2400000 - 0x00007ffce2c5d000 	C:\WINDOWS\SYSTEM32\windows.storage.dll
0x00007ffce5a00000 - 0x00007ffce5af2000 	C:\WINDOWS\System32\SHCORE.dll
0x00007ffce7450000 - 0x00007ffce74b2000 	C:\WINDOWS\System32\shlwapi.dll
0x00007ffce46b0000 - 0x00007ffce46d9000 	C:\WINDOWS\SYSTEM32\profapi.dll
0x00007ffc994d0000 - 0x00007ffc995a6000 	C:\Users\USER\.jdks\ms-21.0.8-1\bin\jsvml.dll
0x00007ffcde410000 - 0x00007ffcde428000 	C:\Users\USER\.jdks\ms-21.0.8-1\bin\zip.dll
0x00007ffcde3f0000 - 0x00007ffcde401000 	C:\Users\USER\.jdks\ms-21.0.8-1\bin\net.dll
0x00007ffcd4c80000 - 0x00007ffcd4d9f000 	C:\WINDOWS\SYSTEM32\WINHTTP.dll
0x00007ffce3ad0000 - 0x00007ffce3b3b000 	C:\WINDOWS\system32\mswsock.dll
0x00007ffcde2e0000 - 0x00007ffcde2f6000 	C:\Users\USER\.jdks\ms-21.0.8-1\bin\nio.dll
0x00007ffcde4a0000 - 0x00007ffcde4b0000 	C:\Users\USER\.jdks\ms-21.0.8-1\bin\verify.dll
0x00007ffcde7c0000 - 0x00007ffcde7e7000 	C:\Users\USER\.gradle\native\1def1411415f61bf3af743bc5b6707747c0891f09f0c88961ee8f79bc544acac\windows-amd64\native-platform.dll
0x00007ffcc8030000 - 0x00007ffcc80a8000 	C:\Users\USER\.gradle\native\0.2.7\x86_64-windows-gnu\gradle-fileevents.dll
0x00007ffcdb4e0000 - 0x00007ffcdb4ea000 	C:\Users\USER\.jdks\ms-21.0.8-1\bin\management.dll
0x00007ffcdb4d0000 - 0x00007ffcdb4dc000 	C:\Users\USER\.jdks\ms-21.0.8-1\bin\management_ext.dll
0x00007ffce6bc0000 - 0x00007ffce6bc8000 	C:\WINDOWS\System32\PSAPI.DLL
0x00007ffce3030000 - 0x00007ffce3064000 	C:\WINDOWS\SYSTEM32\IPHLPAPI.DLL
0x00007ffce6d20000 - 0x00007ffce6d2a000 	C:\WINDOWS\System32\NSI.dll
0x00007ffcd3d50000 - 0x00007ffcd3d59000 	C:\Users\USER\.jdks\ms-21.0.8-1\bin\extnet.dll
0x00007ffce3d80000 - 0x00007ffce3d9b000 	C:\WINDOWS\SYSTEM32\CRYPTSP.dll
0x00007ffce34c0000 - 0x00007ffce34fb000 	C:\WINDOWS\system32\rsaenh.dll
0x00007ffce3b70000 - 0x00007ffce3b9b000 	C:\WINDOWS\SYSTEM32\USERENV.dll
0x00007ffce4680000 - 0x00007ffce46a6000 	C:\WINDOWS\SYSTEM32\bcrypt.dll
0x00007ffce3da0000 - 0x00007ffce3dac000 	C:\WINDOWS\SYSTEM32\CRYPTBASE.dll
0x00007ffcd3d40000 - 0x00007ffcd3d4e000 	C:\Users\USER\.jdks\ms-21.0.8-1\bin\sunmscapi.dll
0x00007ffce4f70000 - 0x00007ffce50e7000 	C:\WINDOWS\System32\CRYPT32.dll
0x00007ffce3fa0000 - 0x00007ffce3fd0000 	C:\WINDOWS\SYSTEM32\ncrypt.dll
0x00007ffce3f50000 - 0x00007ffce3f8f000 	C:\WINDOWS\SYSTEM32\NTASN1.dll
0x00007ffca3820000 - 0x00007ffca3828000 	C:\WINDOWS\system32\wshunix.dll

JVMTI agents:
C:\Users\USER\.gradle\wrapper\dists\gradle-8.14.3-bin\cv11ve7ro1n3o1j4so8xd9n66\gradle-8.14.3\lib\agents\gradle-instrumentation-agent-8.14.3.jar path:C:\Users\USER\.jdks\ms-21.0.8-1\bin\instrument.dll, loaded, initialized, instrumentlib options:none

dbghelp: loaded successfully - version: 4.0.5 - missing functions: none
symbol engine: initialized successfully - sym options: 0x614 - pdb path: .;C:\Users\USER\.jdks\ms-21.0.8-1\bin;C:\WINDOWS\SYSTEM32;C:\WINDOWS\WinSxS\amd64_microsoft.windows.common-controls_6595b64144ccf1df_6.0.26100.6899_none_3e0efeeae32e88c1;C:\Users\USER\.jdks\ms-21.0.8-1\bin\server;C:\Users\USER\.gradle\native\1def1411415f61bf3af743bc5b6707747c0891f09f0c88961ee8f79bc544acac\windows-amd64;C:\Users\USER\.gradle\native\0.2.7\x86_64-windows-gnu

VM Arguments:
jvm_args: --add-opens=java.base/java.lang=ALL-UNNAMED --add-opens=java.base/java.lang.invoke=ALL-UNNAMED --add-opens=java.base/java.util=ALL-UNNAMED --add-opens=java.prefs/java.util.prefs=ALL-UNNAMED --add-exports=jdk.compiler/com.sun.tools.javac.api=ALL-UNNAMED --add-exports=jdk.compiler/com.sun.tools.javac.util=ALL-UNNAMED --add-opens=java.base/java.util=ALL-UNNAMED --add-opens=java.prefs/java.util.prefs=ALL-UNNAMED --add-opens=java.base/java.nio.charset=ALL-UNNAMED --add-opens=java.base/java.net=ALL-UNNAMED --add-opens=java.base/java.util.concurrent.atomic=ALL-UNNAMED --add-opens=java.xml/javax.xml.namespace=ALL-UNNAMED -XX:MaxMetaspaceSize=384m -XX:+HeapDumpOnOutOfMemoryError -Xms256m -Xmx512m -Dfile.encoding=UTF-8 -Duser.country=KR -Duser.language=ko -Duser.variant -javaagent:C:\Users\USER\.gradle\wrapper\dists\gradle-8.14.3-bin\cv11ve7ro1n3o1j4so8xd9n66\gradle-8.14.3\lib\agents\gradle-instrumentation-agent-8.14.3.jar 
java_command: org.gradle.launcher.daemon.bootstrap.GradleDaemon 8.14.3
java_class_path (initial): C:\Users\USER\.gradle\wrapper\dists\gradle-8.14.3-bin\cv11ve7ro1n3o1j4so8xd9n66\gradle-8.14.3\lib\gradle-daemon-main-8.14.3.jar
Launcher Type: SUN_STANDARD

[Global flags]
     intx CICompilerCount                          = 4                                         {product} {ergonomic}
   size_t CompressedClassSpaceSize                 = 335544320                                 {product} {ergonomic}
     uint ConcGCThreads                            = 2                                         {product} {ergonomic}
     uint G1ConcRefinementThreads                  = 8                                         {product} {ergonomic}
   size_t G1HeapRegionSize                         = 1048576                                   {product} {ergonomic}
    uintx GCDrainStackTargetSize                   = 64                                        {product} {ergonomic}
     bool HeapDumpOnOutOfMemoryError               = true                                   {manageable} {command line}
   size_t InitialHeapSize                          = 268435456                                 {product} {command line}
   size_t MarkStackSize                            = 4194304                                   {product} {ergonomic}
   size_t MaxHeapSize                              = 536870912                                 {product} {command line}
   size_t MaxMetaspaceSize                         = 402653184                                 {product} {command line}
   size_t MaxNewSize                               = 321912832                                 {product} {ergonomic}
   size_t MinHeapDeltaBytes                        = 1048576                                   {product} {ergonomic}
   size_t MinHeapSize                              = 268435456                                 {product} {command line}
    uintx NonNMethodCodeHeapSize                   = 5839372                                {pd product} {ergonomic}
    uintx NonProfiledCodeHeapSize                  = 122909434                              {pd product} {ergonomic}
    uintx ProfiledCodeHeapSize                     = 122909434                              {pd product} {ergonomic}
    uintx ReservedCodeCacheSize                    = 251658240                              {pd product} {ergonomic}
     bool SegmentedCodeCache                       = true                                      {product} {ergonomic}
   size_t SoftMaxHeapSize                          = 536870912                              {manageable} {ergonomic}
     bool UseCompressedOops                        = true                           {product lp64_product} {ergonomic}
     bool UseG1GC                                  = true                                      {product} {ergonomic}
     bool UseLargePagesIndividualAllocation        = false                                  {pd product} {ergonomic}

Logging:
Log output configuration:
 #0: stdout all=warning uptime,level,tags foldmultilines=false
 #1: stderr all=off uptime,level,tags foldmultilines=false

Environment Variables:
JAVA_HOME=C:\Users\USER\.jdks\ms-21.0.8-1
PATH=C:\Program Files (x86)\NAT Service;C:\WINDOWS\system32;C:\WINDOWS;C:\WINDOWS\System32\Wbem;C:\WINDOWS\System32\WindowsPowerShell\v1.0\;C:\WINDOWS\System32\OpenSSH\;C:\Program Files (x86)\ePapyrus\Papyrus-PlugIn-web;C:\Program Files (x86)\ePapyrus\Papyrus-PlugIn-web\Addins;C:\Program Files\Git\cmd;C:\Program Files\nodejs\;C:\Users\USER\.jdks\ms-21.0.8-1\bin;C:\Users\USER\AppData\Local\Microsoft\WindowsApps;;C:\Program Files\JetBrains\PyCharm Community Edition 2020.3.3\bin;;C:\Users\USER\AppData\Local\Programs\Microsoft VS Code\bin;C:\Users\USER\AppData\Roaming\npm;C:\Program Files\JetBrains\IntelliJ IDEA 2025.2.4\bin
USERNAME=USER
OS=Windows_NT
PROCESSOR_IDENTIFIER=Intel64 Family 6 Model 140 Stepping 1, GenuineIntel
TMP=C:\Users\USER\AppData\Local\Temp
TEMP=C:\Users\USER\AppData\Local\Temp




Periodic native trim disabled

---------------  S Y S T E M  ---------------

OS:
 Windows 11 , 64 bit Build 26100 (10.0.26100.6725)
OS uptime: 10 days 5:42 hours

CPU: total 8 (initial active 8) (4 cores per cpu, 2 threads per core) family 6 model 140 stepping 1 microcode 0xb4, cx8, cmov, fxsr, ht, mmx, 3dnowpref, sse, sse2, sse3, ssse3, sse4.1, sse4.2, popcnt, lzcnt, tsc, tscinvbit, avx, avx2, aes, erms, clmul, bmi1, bmi2, adx, avx512f, avx512dq, avx512cd, avx512bw, avx512vl, sha, fma, vzeroupper, avx512_vpopcntdq, avx512_vpclmulqdq, avx512_vaes, avx512_vnni, clflush, clflushopt, clwb, avx512_vbmi2, avx512_vbmi, rdtscp, rdpid, fsrm, gfni, avx512_bitalg, f16c, pku, cet_ibt, cet_ss, avx512_ifma
Processor Information for the first 8 processors :
  Max Mhz: 2419, Current Mhz: 2419, Mhz Limit: 2419

Memory: 4k page, system-wide physical 16023M (3295M free)
TotalPageFile size 18921M (AvailPageFile size 15M)
current process WorkingSet (physical memory assigned to process): 480M, peak: 499M
current process commit charge ("private bytes"): 532M, peak: 549M

vm_info: OpenJDK 64-Bit Server VM (21.0.8+9-LTS) for windows-amd64 JRE (21.0.8+9-LTS), built on 2025-07-10T20:22:44Z by "MicrosoftCorporation" with unknown MS VC++:1944

END.
